filename,label
"WellA01_PointA01_0000_ChannelDAPI,WF_GFP,TRITC,WF_Cy5_Seq0000.tiff",0
"WellA01_PointA01_0001_ChannelDAPI,WF_GFP,TRITC,WF_Cy5_Seq0001.tiff",0
"WellA01_PointA01_0002_ChannelDAPI,WF_GFP,TRITC,WF_Cy5_Seq0002.tiff",0
"WellA01_PointA01_0003_ChannelDAPI,WF_GFP,TRITC,WF_Cy5_Seq0003.tiff",0
"WellA01_PointA01_0004_ChannelDAPI,WF_GFP,TRITC,WF_Cy5_Seq0004.tiff",0
"WellA01_PointA01_0005_ChannelDAPI,WF_GFP,TRITC,WF_Cy5_Seq0005.tiff",0
"WellA01_PointA01_0006_ChannelDAPI,WF_GFP,TRITC,WF_Cy5_Seq0006.tiff",0
"WellA01_PointA01_0007_ChannelDAPI,WF_GFP,TRITC,WF_Cy5_Seq0007.tiff",0
"WellA01_PointA01_0008_ChannelDAPI,WF_GFP,TRITC,WF_Cy5_Seq0008.tiff",-1
"WellA02_PointA02_0000_ChannelDAPI,WF_GFP,TRITC,WF_Cy5_Seq0009.tiff",0
"WellA02_PointA02_0001_ChannelDAPI,WF_GFP,TRITC,WF_Cy5_Seq0010.tiff",0
"WellA02_PointA02_0002_ChannelDAPI,WF_GFP,TRITC,WF_Cy5_Seq0011.tiff",0
"WellA02_PointA02_0003_ChannelDAPI,WF_GFP,TRITC,WF_Cy5_Seq0012.tiff",-1
"WellA02_PointA02_0004_ChannelDAPI,WF_GFP,TRITC,WF_Cy5_Seq0013.tiff",1
"WellA02_PointA02_0005_ChannelDAPI,WF_GFP,TRITC,WF_Cy5_Seq0014.tiff",1
"WellA02_PointA02_0006_ChannelDAPI,WF_GFP,TRITC,WF_Cy5_Seq0015.tiff",0
"WellA02_PointA02_0007_ChannelDAPI,WF_GFP,TRITC,WF_Cy5_Seq0016.tiff",0
"WellA02_PointA02_0008_ChannelDAPI,WF_GFP,TRITC,WF_Cy5_Seq0017.tiff",0
"WellA03_PointA03_0000_ChannelDAPI,WF_GFP,TRITC,WF_Cy5_Seq0018.tiff",-1
"WellA03_PointA03_0001_ChannelDAPI,WF_GFP,TRITC,WF_Cy5_Seq0019.tiff",0
"WellA03_PointA03_0002_ChannelDAPI,WF_GFP,TRITC,WF_Cy5_Seq0020.tiff",0
"WellA03_PointA03_0003_ChannelDAPI,WF_GFP,TRITC,WF_Cy5_Seq0021.tiff",0
"WellA03_PointA03_0004_ChannelDAPI,WF_GFP,TRITC,WF_Cy5_Seq0022.tiff",0
"WellA03_PointA03_0005_ChannelDAPI,WF_GFP,TRITC,WF_Cy5_Seq0023.tiff",0
"WellA03_PointA03_0006_ChannelDAPI,WF_GFP,TRITC,WF_Cy5_Seq0024.tiff",0
"WellA03_PointA03_0007_ChannelDAPI,WF_GFP,TRITC,WF_Cy5_Seq0025.tiff",0
"WellA03_PointA03_0008_ChannelDAPI,WF_GFP,TRITC,WF_Cy5_Seq0026.tiff",0
"WellA04_PointA04_0000_ChannelDAPI,WF_GFP,TRITC,WF_Cy5_Seq0027.tiff",0
"WellA04_PointA04_0001_ChannelDAPI,WF_GFP,TRITC,WF_Cy5_Seq0028.tiff",0
"WellA04_PointA04_0002_ChannelDAPI,WF_GFP,TRITC,WF_Cy5_Seq0029.tiff",-1
"WellA04_PointA04_0003_ChannelDAPI,WF_GFP,TRITC,WF_Cy5_Seq0030.tiff",0
"WellA04_PointA04_0004_ChannelDAPI,WF_GFP,TRITC,WF_Cy5_Seq0031.tiff",0
"WellA04_PointA04_0005_ChannelDAPI,WF_GFP,TRITC,WF_Cy5_Seq0032.tiff",0
"WellA04_PointA04_0006_ChannelDAPI,WF_GFP,TRITC,WF_Cy5_Seq0033.tiff",0
"WellA04_PointA04_0007_ChannelDAPI,WF_GFP,TRITC,WF_Cy5_Seq0034.tiff",0
"WellA04_PointA04_0008_ChannelDAPI,WF_GFP,TRITC,WF_Cy5_Seq0035.tiff",-1
"WellA05_PointA05_0000_ChannelDAPI,WF_GFP,TRITC,WF_Cy5_Seq0036.tiff",0
"WellA05_PointA05_0001_ChannelDAPI,WF_GFP,TRITC,WF_Cy5_Seq0037.tiff",0
"WellA05_PointA05_0002_ChannelDAPI,WF_GFP,TRITC,WF_Cy5_Seq0038.tiff",0
"WellA05_PointA05_0003_ChannelDAPI,WF_GFP,TRITC,WF_Cy5_Seq0039.tiff",-1
"WellA05_PointA05_0004_ChannelDAPI,WF_GFP,TRITC,WF_Cy5_Seq0040.tiff",0
"WellA05_PointA05_0005_ChannelDAPI,WF_GFP,TRITC,WF_Cy5_Seq0041.tiff",0
"WellA05_PointA05_0006_ChannelDAPI,WF_GFP,TRITC,WF_Cy5_Seq0042.tiff",0
"WellA05_PointA05_0007_ChannelDAPI,WF_GFP,TRITC,WF_Cy5_Seq0043.tiff",0
"WellA05_PointA05_0008_ChannelDAPI,WF_GFP,TRITC,WF_Cy5_Seq0044.tiff",0
"WellA06_PointA06_0000_ChannelDAPI,WF_GFP,TRITC,WF_Cy5_Seq0045.tiff",0
"WellA06_PointA06_0001_ChannelDAPI,WF_GFP,TRITC,WF_Cy5_Seq0046.tiff",0
"WellA06_PointA06_0002_ChannelDAPI,WF_GFP,TRITC,WF_Cy5_Seq0047.tiff",0
"WellA06_PointA06_0003_ChannelDAPI,WF_GFP,TRITC,WF_Cy5_Seq0048.tiff",0
"WellA06_PointA06_0004_ChannelDAPI,WF_GFP,TRITC,WF_Cy5_Seq0049.tiff",-1
"WellA06_PointA06_0005_ChannelDAPI,WF_GFP,TRITC,WF_Cy5_Seq0050.tiff",0
"WellA06_PointA06_0006_ChannelDAPI,WF_GFP,TRITC,WF_Cy5_Seq0051.tiff",0
"WellA06_PointA06_0007_ChannelDAPI,WF_GFP,TRITC,WF_Cy5_Seq0052.tiff",0
"WellA06_PointA06_0008_ChannelDAPI,WF_GFP,TRITC,WF_Cy5_Seq0053.tiff",0
"WellA07_PointA07_0000_ChannelDAPI,WF_GFP,TRITC,WF_Cy5_Seq0054.tiff",0
"WellA07_PointA07_0001_ChannelDAPI,WF_GFP,TRITC,WF_Cy5_Seq0055.tiff",0
"WellA07_PointA07_0002_ChannelDAPI,WF_GFP,TRITC,WF_Cy5_Seq0056.tiff",0
"WellA07_PointA07_0003_ChannelDAPI,WF_GFP,TRITC,WF_Cy5_Seq0057.tiff",0
"WellA07_PointA07_0004_ChannelDAPI,WF_GFP,TRITC,WF_Cy5_Seq0058.tiff",0
"WellA07_PointA07_0005_ChannelDAPI,WF_GFP,TRITC,WF_Cy5_Seq0059.tiff",0
"WellA07_PointA07_0006_ChannelDAPI,WF_GFP,TRITC,WF_Cy5_Seq0060.tiff",0
"WellA07_PointA07_0007_ChannelDAPI,WF_GFP,TRITC,WF_Cy5_Seq0061.tiff",0
"WellA07_PointA07_0008_ChannelDAPI,WF_GFP,TRITC,WF_Cy5_Seq0062.tiff",1
"WellA08_PointA08_0000_ChannelDAPI,WF_GFP,TRITC,WF_Cy5_Seq0063.tiff",0
"WellA08_PointA08_0001_ChannelDAPI,WF_GFP,TRITC,WF_Cy5_Seq0064.tiff",0
"WellA08_PointA08_0002_ChannelDAPI,WF_GFP,TRITC,WF_Cy5_Seq0065.tiff",0
"WellA08_PointA08_0003_ChannelDAPI,WF_GFP,TRITC,WF_Cy5_Seq0066.tiff",0
"WellA08_PointA08_0004_ChannelDAPI,WF_GFP,TRITC,WF_Cy5_Seq0067.tiff",0
"WellA08_PointA08_0005_ChannelDAPI,WF_GFP,TRITC,WF_Cy5_Seq0068.tiff",0
"WellA08_PointA08_0006_ChannelDAPI,WF_GFP,TRITC,WF_Cy5_Seq0069.tiff",0
"WellA08_PointA08_0007_ChannelDAPI,WF_GFP,TRITC,WF_Cy5_Seq0070.tiff",0
"WellA08_PointA08_0008_ChannelDAPI,WF_GFP,TRITC,WF_Cy5_Seq0071.tiff",0
"WellA09_PointA09_0000_ChannelDAPI,WF_GFP,TRITC,WF_Cy5_Seq0072.tiff",-1
"WellA09_PointA09_0001_ChannelDAPI,WF_GFP,TRITC,WF_Cy5_Seq0073.tiff",0
"WellA09_PointA09_0002_ChannelDAPI,WF_GFP,TRITC,WF_Cy5_Seq0074.tiff",0
"WellA09_PointA09_0003_ChannelDAPI,WF_GFP,TRITC,WF_Cy5_Seq0075.tiff",0
"WellA09_PointA09_0004_ChannelDAPI,WF_GFP,TRITC,WF_Cy5_Seq0076.tiff",0
"WellA09_PointA09_0005_ChannelDAPI,WF_GFP,TRITC,WF_Cy5_Seq0077.tiff",0
"WellA09_PointA09_0006_ChannelDAPI,WF_GFP,TRITC,WF_Cy5_Seq0078.tiff",0
"WellA09_PointA09_0007_ChannelDAPI,WF_GFP,TRITC,WF_Cy5_Seq0079.tiff",0
"WellA09_PointA09_0008_ChannelDAPI,WF_GFP,TRITC,WF_Cy5_Seq0080.tiff",0
"WellA10_PointA10_0000_ChannelDAPI,WF_GFP,TRITC,WF_Cy5_Seq0081.tiff",-1
"WellA10_PointA10_0001_ChannelDAPI,WF_GFP,TRITC,WF_Cy5_Seq0082.tiff",0
"WellA10_PointA10_0002_ChannelDAPI,WF_GFP,TRITC,WF_Cy5_Seq0083.tiff",0
"WellA10_PointA10_0003_ChannelDAPI,WF_GFP,TRITC,WF_Cy5_Seq0084.tiff",0
"WellA10_PointA10_0004_ChannelDAPI,WF_GFP,TRITC,WF_Cy5_Seq0085.tiff",0
"WellA10_PointA10_0005_ChannelDAPI,WF_GFP,TRITC,WF_Cy5_Seq0086.tiff",-1
"WellA10_PointA10_0006_ChannelDAPI,WF_GFP,TRITC,WF_Cy5_Seq0087.tiff",0
"WellA10_PointA10_0007_ChannelDAPI,WF_GFP,TRITC,WF_Cy5_Seq0088.tiff",0
"WellA10_PointA10_0008_ChannelDAPI,WF_GFP,TRITC,WF_Cy5_Seq0089.tiff",0
"WellA11_PointA11_0000_ChannelDAPI,WF_GFP,TRITC,WF_Cy5_Seq0090.tiff",-1
"WellA11_PointA11_0001_ChannelDAPI,WF_GFP,TRITC,WF_Cy5_Seq0091.tiff",0
"WellA11_PointA11_0002_ChannelDAPI,WF_GFP,TRITC,WF_Cy5_Seq0092.tiff",0
"WellA11_PointA11_0003_ChannelDAPI,WF_GFP,TRITC,WF_Cy5_Seq0093.tiff",0
"WellA11_PointA11_0004_ChannelDAPI,WF_GFP,TRITC,WF_Cy5_Seq0094.tiff",0
"WellA11_PointA11_0005_ChannelDAPI,WF_GFP,TRITC,WF_Cy5_Seq0095.tiff",0
"WellA11_PointA11_0006_ChannelDAPI,WF_GFP,TRITC,WF_Cy5_Seq0096.tiff",0
"WellA11_PointA11_0007_ChannelDAPI,WF_GFP,TRITC,WF_Cy5_Seq0097.tiff",0
"WellA11_PointA11_0008_ChannelDAPI,WF_GFP,TRITC,WF_Cy5_Seq0098.tiff",0
"WellA12_PointA12_0000_ChannelDAPI,WF_GFP,TRITC,WF_Cy5_Seq0099.tiff",0
"WellA12_PointA12_0001_ChannelDAPI,WF_GFP,TRITC,WF_Cy5_Seq0100.tiff",-1
"WellA12_PointA12_0002_ChannelDAPI,WF_GFP,TRITC,WF_Cy5_Seq0101.tiff",0
"WellA12_PointA12_0003_ChannelDAPI,WF_GFP,TRITC,WF_Cy5_Seq0102.tiff",0
"WellA12_PointA12_0004_ChannelDAPI,WF_GFP,TRITC,WF_Cy5_Seq0103.tiff",0
"WellA12_PointA12_0005_ChannelDAPI,WF_GFP,TRITC,WF_Cy5_Seq0104.tiff",0
"WellA12_PointA12_0006_ChannelDAPI,WF_GFP,TRITC,WF_Cy5_Seq0105.tiff",0
"WellA12_PointA12_0007_ChannelDAPI,WF_GFP,TRITC,WF_Cy5_Seq0106.tiff",0
"WellA12_PointA12_0008_ChannelDAPI,WF_GFP,TRITC,WF_Cy5_Seq0107.tiff",0
"WellB01_PointB01_0000_ChannelDAPI,WF_GFP,TRITC,WF_Cy5_Seq0207.tiff",0
"WellB01_PointB01_0001_ChannelDAPI,WF_GFP,TRITC,WF_Cy5_Seq0208.tiff",0
"WellB01_PointB01_0002_ChannelDAPI,WF_GFP,TRITC,WF_Cy5_Seq0209.tiff",0
"WellB01_PointB01_0003_ChannelDAPI,WF_GFP,TRITC,WF_Cy5_Seq0210.tiff",0
"WellB01_PointB01_0004_ChannelDAPI,WF_GFP,TRITC,WF_Cy5_Seq0211.tiff",0
"WellB01_PointB01_0005_ChannelDAPI,WF_GFP,TRITC,WF_Cy5_Seq0212.tiff",0
"WellB01_PointB01_0006_ChannelDAPI,WF_GFP,TRITC,WF_Cy5_Seq0213.tiff",0
"WellB01_PointB01_0007_ChannelDAPI,WF_GFP,TRITC,WF_Cy5_Seq0214.tiff",0
"WellB01_PointB01_0008_ChannelDAPI,WF_GFP,TRITC,WF_Cy5_Seq0215.tiff",0
"WellB02_PointB02_0000_ChannelDAPI,WF_GFP,TRITC,WF_Cy5_Seq0198.tiff",0
"WellB02_PointB02_0001_ChannelDAPI,WF_GFP,TRITC,WF_Cy5_Seq0199.tiff",0
"WellB02_PointB02_0002_ChannelDAPI,WF_GFP,TRITC,WF_Cy5_Seq0200.tiff",0
"WellB02_PointB02_0003_ChannelDAPI,WF_GFP,TRITC,WF_Cy5_Seq0201.tiff",0
"WellB02_PointB02_0004_ChannelDAPI,WF_GFP,TRITC,WF_Cy5_Seq0202.tiff",0
"WellB02_PointB02_0005_ChannelDAPI,WF_GFP,TRITC,WF_Cy5_Seq0203.tiff",0
"WellB02_PointB02_0006_ChannelDAPI,WF_GFP,TRITC,WF_Cy5_Seq0204.tiff",0
"WellB02_PointB02_0007_ChannelDAPI,WF_GFP,TRITC,WF_Cy5_Seq0205.tiff",0
"WellB02_PointB02_0008_ChannelDAPI,WF_GFP,TRITC,WF_Cy5_Seq0206.tiff",0
"WellB03_PointB03_0000_ChannelDAPI,WF_GFP,TRITC,WF_Cy5_Seq0189.tiff",0
"WellB03_PointB03_0001_ChannelDAPI,WF_GFP,TRITC,WF_Cy5_Seq0190.tiff",1
"WellB03_PointB03_0002_ChannelDAPI,WF_GFP,TRITC,WF_Cy5_Seq0191.tiff",0
"WellB03_PointB03_0003_ChannelDAPI,WF_GFP,TRITC,WF_Cy5_Seq0192.tiff",0
"WellB03_PointB03_0004_ChannelDAPI,WF_GFP,TRITC,WF_Cy5_Seq0193.tiff",0
"WellB03_PointB03_0005_ChannelDAPI,WF_GFP,TRITC,WF_Cy5_Seq0194.tiff",0
"WellB03_PointB03_0006_ChannelDAPI,WF_GFP,TRITC,WF_Cy5_Seq0195.tiff",0
"WellB03_PointB03_0007_ChannelDAPI,WF_GFP,TRITC,WF_Cy5_Seq0196.tiff",0
"WellB03_PointB03_0008_ChannelDAPI,WF_GFP,TRITC,WF_Cy5_Seq0197.tiff",0
"WellB04_PointB04_0000_ChannelDAPI,WF_GFP,TRITC,WF_Cy5_Seq0180.tiff",0
"WellB04_PointB04_0001_ChannelDAPI,WF_GFP,TRITC,WF_Cy5_Seq0181.tiff",0
"WellB04_PointB04_0002_ChannelDAPI,WF_GFP,TRITC,WF_Cy5_Seq0182.tiff",0
"WellB04_PointB04_0003_ChannelDAPI,WF_GFP,TRITC,WF_Cy5_Seq0183.tiff",0
"WellB04_PointB04_0004_ChannelDAPI,WF_GFP,TRITC,WF_Cy5_Seq0184.tiff",0
"WellB04_PointB04_0005_ChannelDAPI,WF_GFP,TRITC,WF_Cy5_Seq0185.tiff",0
"WellB04_PointB04_0006_ChannelDAPI,WF_GFP,TRITC,WF_Cy5_Seq0186.tiff",0
"WellB04_PointB04_0007_ChannelDAPI,WF_GFP,TRITC,WF_Cy5_Seq0187.tiff",0
"WellB04_PointB04_0008_ChannelDAPI,WF_GFP,TRITC,WF_Cy5_Seq0188.tiff",0
"WellB05_PointB05_0000_ChannelDAPI,WF_GFP,TRITC,WF_Cy5_Seq0171.tiff",0
"WellB05_PointB05_0001_ChannelDAPI,WF_GFP,TRITC,WF_Cy5_Seq0172.tiff",0
"WellB05_PointB05_0002_ChannelDAPI,WF_GFP,TRITC,WF_Cy5_Seq0173.tiff",0
"WellB05_PointB05_0003_ChannelDAPI,WF_GFP,TRITC,WF_Cy5_Seq0174.tiff",0
"WellB05_PointB05_0004_ChannelDAPI,WF_GFP,TRITC,WF_Cy5_Seq0175.tiff",0
"WellB05_PointB05_0005_ChannelDAPI,WF_GFP,TRITC,WF_Cy5_Seq0176.tiff",0
"WellB05_PointB05_0006_ChannelDAPI,WF_GFP,TRITC,WF_Cy5_Seq0177.tiff",0
"WellB05_PointB05_0007_ChannelDAPI,WF_GFP,TRITC,WF_Cy5_Seq0178.tiff",0
"WellB05_PointB05_0008_ChannelDAPI,WF_GFP,TRITC,WF_Cy5_Seq0179.tiff",0
"WellB06_PointB06_0000_ChannelDAPI,WF_GFP,TRITC,WF_Cy5_Seq0162.tiff",0
"WellB06_PointB06_0001_ChannelDAPI,WF_GFP,TRITC,WF_Cy5_Seq0163.tiff",0
"WellB06_PointB06_0002_ChannelDAPI,WF_GFP,TRITC,WF_Cy5_Seq0164.tiff",0
"WellB06_PointB06_0003_ChannelDAPI,WF_GFP,TRITC,WF_Cy5_Seq0165.tiff",0
"WellB06_PointB06_0004_ChannelDAPI,WF_GFP,TRITC,WF_Cy5_Seq0166.tiff",0
"WellB06_PointB06_0005_ChannelDAPI,WF_GFP,TRITC,WF_Cy5_Seq0167.tiff",0
"WellB06_PointB06_0006_ChannelDAPI,WF_GFP,TRITC,WF_Cy5_Seq0168.tiff",0
"WellB06_PointB06_0007_ChannelDAPI,WF_GFP,TRITC,WF_Cy5_Seq0169.tiff",-1
"WellB06_PointB06_0008_ChannelDAPI,WF_GFP,TRITC,WF_Cy5_Seq0170.tiff",0
"WellB07_PointB07_0000_ChannelDAPI,WF_GFP,TRITC,WF_Cy5_Seq0153.tiff",0
"WellB07_PointB07_0001_ChannelDAPI,WF_GFP,TRITC,WF_Cy5_Seq0154.tiff",0
"WellB07_PointB07_0002_ChannelDAPI,WF_GFP,TRITC,WF_Cy5_Seq0155.tiff",1
"WellB07_PointB07_0003_ChannelDAPI,WF_GFP,TRITC,WF_Cy5_Seq0156.tiff",-1
"WellB07_PointB07_0004_ChannelDAPI,WF_GFP,TRITC,WF_Cy5_Seq0157.tiff",0
"WellB07_PointB07_0005_ChannelDAPI,WF_GFP,TRITC,WF_Cy5_Seq0158.tiff",0
"WellB07_PointB07_0006_ChannelDAPI,WF_GFP,TRITC,WF_Cy5_Seq0159.tiff",0
"WellB07_PointB07_0007_ChannelDAPI,WF_GFP,TRITC,WF_Cy5_Seq0160.tiff",0
"WellB07_PointB07_0008_ChannelDAPI,WF_GFP,TRITC,WF_Cy5_Seq0161.tiff",0
"WellB08_PointB08_0000_ChannelDAPI,WF_GFP,TRITC,WF_Cy5_Seq0144.tiff",0
"WellB08_PointB08_0001_ChannelDAPI,WF_GFP,TRITC,WF_Cy5_Seq0145.tiff",0
"WellB08_PointB08_0002_ChannelDAPI,WF_GFP,TRITC,WF_Cy5_Seq0146.tiff",0
"WellB08_PointB08_0003_ChannelDAPI,WF_GFP,TRITC,WF_Cy5_Seq0147.tiff",0
"WellB08_PointB08_0004_ChannelDAPI,WF_GFP,TRITC,WF_Cy5_Seq0148.tiff",1
"WellB08_PointB08_0005_ChannelDAPI,WF_GFP,TRITC,WF_Cy5_Seq0149.tiff",-1
"WellB08_PointB08_0006_ChannelDAPI,WF_GFP,TRITC,WF_Cy5_Seq0150.tiff",0
"WellB08_PointB08_0007_ChannelDAPI,WF_GFP,TRITC,WF_Cy5_Seq0151.tiff",0
"WellB08_PointB08_0008_ChannelDAPI,WF_GFP,TRITC,WF_Cy5_Seq0152.tiff",0
"WellB09_PointB09_0000_ChannelDAPI,WF_GFP,TRITC,WF_Cy5_Seq0135.tiff",0
"WellB09_PointB09_0001_ChannelDAPI,WF_GFP,TRITC,WF_Cy5_Seq0136.tiff",0
"WellB09_PointB09_0002_ChannelDAPI,WF_GFP,TRITC,WF_Cy5_Seq0137.tiff",0
"WellB09_PointB09_0003_ChannelDAPI,WF_GFP,TRITC,WF_Cy5_Seq0138.tiff",0
"WellB09_PointB09_0004_ChannelDAPI,WF_GFP,TRITC,WF_Cy5_Seq0139.tiff",0
"WellB09_PointB09_0005_ChannelDAPI,WF_GFP,TRITC,WF_Cy5_Seq0140.tiff",0
"WellB09_PointB09_0006_ChannelDAPI,WF_GFP,TRITC,WF_Cy5_Seq0141.tiff",0
"WellB09_PointB09_0007_ChannelDAPI,WF_GFP,TRITC,WF_Cy5_Seq0142.tiff",0
"WellB09_PointB09_0008_ChannelDAPI,WF_GFP,TRITC,WF_Cy5_Seq0143.tiff",0
"WellB10_PointB10_0000_ChannelDAPI,WF_GFP,TRITC,WF_Cy5_Seq0126.tiff",0
"WellB10_PointB10_0001_ChannelDAPI,WF_GFP,TRITC,WF_Cy5_Seq0127.tiff",0
"WellB10_PointB10_0002_ChannelDAPI,WF_GFP,TRITC,WF_Cy5_Seq0128.tiff",0
"WellB10_PointB10_0003_ChannelDAPI,WF_GFP,TRITC,WF_Cy5_Seq0129.tiff",0
"WellB10_PointB10_0004_ChannelDAPI,WF_GFP,TRITC,WF_Cy5_Seq0130.tiff",0
"WellB10_PointB10_0005_ChannelDAPI,WF_GFP,TRITC,WF_Cy5_Seq0131.tiff",0
"WellB10_PointB10_0006_ChannelDAPI,WF_GFP,TRITC,WF_Cy5_Seq0132.tiff",0
"WellB10_PointB10_0007_ChannelDAPI,WF_GFP,TRITC,WF_Cy5_Seq0133.tiff",0
"WellB10_PointB10_0008_ChannelDAPI,WF_GFP,TRITC,WF_Cy5_Seq0134.tiff",0
"WellB11_PointB11_0000_ChannelDAPI,WF_GFP,TRITC,WF_Cy5_Seq0117.tiff",0
"WellB11_PointB11_0001_ChannelDAPI,WF_GFP,TRITC,WF_Cy5_Seq0118.tiff",0
"WellB11_PointB11_0002_ChannelDAPI,WF_GFP,TRITC,WF_Cy5_Seq0119.tiff",0
"WellB11_PointB11_0003_ChannelDAPI,WF_GFP,TRITC,WF_Cy5_Seq0120.tiff",0
"WellB11_PointB11_0004_ChannelDAPI,WF_GFP,TRITC,WF_Cy5_Seq0121.tiff",0
"WellB11_PointB11_0005_ChannelDAPI,WF_GFP,TRITC,WF_Cy5_Seq0122.tiff",0
"WellB11_PointB11_0006_ChannelDAPI,WF_GFP,TRITC,WF_Cy5_Seq0123.tiff",0
"WellB11_PointB11_0007_ChannelDAPI,WF_GFP,TRITC,WF_Cy5_Seq0124.tiff",0
"WellB11_PointB11_0008_ChannelDAPI,WF_GFP,TRITC,WF_Cy5_Seq0125.tiff",0
"WellB12_PointB12_0000_ChannelDAPI,WF_GFP,TRITC,WF_Cy5_Seq0108.tiff",0
"WellB12_PointB12_0001_ChannelDAPI,WF_GFP,TRITC,WF_Cy5_Seq0109.tiff",1
"WellB12_PointB12_0002_ChannelDAPI,WF_GFP,TRITC,WF_Cy5_Seq0110.tiff",0
"WellB12_PointB12_0003_ChannelDAPI,WF_GFP,TRITC,WF_Cy5_Seq0111.tiff",0
"WellB12_PointB12_0004_ChannelDAPI,WF_GFP,TRITC,WF_Cy5_Seq0112.tiff",0
"WellB12_PointB12_0005_ChannelDAPI,WF_GFP,TRITC,WF_Cy5_Seq0113.tiff",0
"WellB12_PointB12_0006_ChannelDAPI,WF_GFP,TRITC,WF_Cy5_Seq0114.tiff",-1
"WellB12_PointB12_0007_ChannelDAPI,WF_GFP,TRITC,WF_Cy5_Seq0115.tiff",0
"WellB12_PointB12_0008_ChannelDAPI,WF_GFP,TRITC,WF_Cy5_Seq0116.tiff",0
"WellC01_PointC01_0000_ChannelDAPI,WF_GFP,TRITC,WF_Cy5_Seq0216.tiff",0
"WellC01_PointC01_0001_ChannelDAPI,WF_GFP,TRITC,WF_Cy5_Seq0217.tiff",0
"WellC01_PointC01_0002_ChannelDAPI,WF_GFP,TRITC,WF_Cy5_Seq0218.tiff",-1
"WellC01_PointC01_0003_ChannelDAPI,WF_GFP,TRITC,WF_Cy5_Seq0219.tiff",0
"WellC01_PointC01_0004_ChannelDAPI,WF_GFP,TRITC,WF_Cy5_Seq0220.tiff",0
"WellC01_PointC01_0005_ChannelDAPI,WF_GFP,TRITC,WF_Cy5_Seq0221.tiff",0
"WellC01_PointC01_0006_ChannelDAPI,WF_GFP,TRITC,WF_Cy5_Seq0222.tiff",0
"WellC01_PointC01_0007_ChannelDAPI,WF_GFP,TRITC,WF_Cy5_Seq0223.tiff",0
"WellC01_PointC01_0008_ChannelDAPI,WF_GFP,TRITC,WF_Cy5_Seq0224.tiff",0
"WellC02_PointC02_0000_ChannelDAPI,WF_GFP,TRITC,WF_Cy5_Seq0225.tiff",0
"WellC02_PointC02_0001_ChannelDAPI,WF_GFP,TRITC,WF_Cy5_Seq0226.tiff",0
"WellC02_PointC02_0002_ChannelDAPI,WF_GFP,TRITC,WF_Cy5_Seq0227.tiff",0
"WellC02_PointC02_0003_ChannelDAPI,WF_GFP,TRITC,WF_Cy5_Seq0228.tiff",0
"WellC02_PointC02_0004_ChannelDAPI,WF_GFP,TRITC,WF_Cy5_Seq0229.tiff",0
"WellC02_PointC02_0005_ChannelDAPI,WF_GFP,TRITC,WF_Cy5_Seq0230.tiff",0
"WellC02_PointC02_0006_ChannelDAPI,WF_GFP,TRITC,WF_Cy5_Seq0231.tiff",0
"WellC02_PointC02_0007_ChannelDAPI,WF_GFP,TRITC,WF_Cy5_Seq0232.tiff",0
"WellC02_PointC02_0008_ChannelDAPI,WF_GFP,TRITC,WF_Cy5_Seq0233.tiff",0
"WellC03_PointC03_0000_ChannelDAPI,WF_GFP,TRITC,WF_Cy5_Seq0234.tiff",-1
"WellC03_PointC03_0001_ChannelDAPI,WF_GFP,TRITC,WF_Cy5_Seq0235.tiff",0
"WellC03_PointC03_0002_ChannelDAPI,WF_GFP,TRITC,WF_Cy5_Seq0236.tiff",0
"WellC03_PointC03_0003_ChannelDAPI,WF_GFP,TRITC,WF_Cy5_Seq0237.tiff",1
"WellC03_PointC03_0004_ChannelDAPI,WF_GFP,TRITC,WF_Cy5_Seq0238.tiff",0
"WellC03_PointC03_0005_ChannelDAPI,WF_GFP,TRITC,WF_Cy5_Seq0239.tiff",0
"WellC03_PointC03_0006_ChannelDAPI,WF_GFP,TRITC,WF_Cy5_Seq0240.tiff",0
"WellC03_PointC03_0007_ChannelDAPI,WF_GFP,TRITC,WF_Cy5_Seq0241.tiff",0
"WellC03_PointC03_0008_ChannelDAPI,WF_GFP,TRITC,WF_Cy5_Seq0242.tiff",0
"WellC04_PointC04_0000_ChannelDAPI,WF_GFP,TRITC,WF_Cy5_Seq0243.tiff",0
"WellC04_PointC04_0001_ChannelDAPI,WF_GFP,TRITC,WF_Cy5_Seq0244.tiff",0
"WellC04_PointC04_0002_ChannelDAPI,WF_GFP,TRITC,WF_Cy5_Seq0245.tiff",0
"WellC04_PointC04_0003_ChannelDAPI,WF_GFP,TRITC,WF_Cy5_Seq0246.tiff",0
"WellC04_PointC04_0004_ChannelDAPI,WF_GFP,TRITC,WF_Cy5_Seq0247.tiff",0
"WellC04_PointC04_0005_ChannelDAPI,WF_GFP,TRITC,WF_Cy5_Seq0248.tiff",0
"WellC04_PointC04_0006_ChannelDAPI,WF_GFP,TRITC,WF_Cy5_Seq0249.tiff",0
"WellC04_PointC04_0007_ChannelDAPI,WF_GFP,TRITC,WF_Cy5_Seq0250.tiff",0
"WellC04_PointC04_0008_ChannelDAPI,WF_GFP,TRITC,WF_Cy5_Seq0251.tiff",0
"WellC05_PointC05_0000_ChannelDAPI,WF_GFP,TRITC,WF_Cy5_Seq0252.tiff",0
"WellC05_PointC05_0001_ChannelDAPI,WF_GFP,TRITC,WF_Cy5_Seq0253.tiff",0
"WellC05_PointC05_0002_ChannelDAPI,WF_GFP,TRITC,WF_Cy5_Seq0254.tiff",0
"WellC05_PointC05_0003_ChannelDAPI,WF_GFP,TRITC,WF_Cy5_Seq0255.tiff",0
"WellC05_PointC05_0004_ChannelDAPI,WF_GFP,TRITC,WF_Cy5_Seq0256.tiff",0
"WellC05_PointC05_0005_ChannelDAPI,WF_GFP,TRITC,WF_Cy5_Seq0257.tiff",0
"WellC05_PointC05_0006_ChannelDAPI,WF_GFP,TRITC,WF_Cy5_Seq0258.tiff",0
"WellC05_PointC05_0007_ChannelDAPI,WF_GFP,TRITC,WF_Cy5_Seq0259.tiff",0
"WellC05_PointC05_0008_ChannelDAPI,WF_GFP,TRITC,WF_Cy5_Seq0260.tiff",0
"WellC06_PointC06_0000_ChannelDAPI,WF_GFP,TRITC,WF_Cy5_Seq0261.tiff",0
"WellC06_PointC06_0001_ChannelDAPI,WF_GFP,TRITC,WF_Cy5_Seq0262.tiff",0
"WellC06_PointC06_0002_ChannelDAPI,WF_GFP,TRITC,WF_Cy5_Seq0263.tiff",0
"WellC06_PointC06_0003_ChannelDAPI,WF_GFP,TRITC,WF_Cy5_Seq0264.tiff",0
"WellC06_PointC06_0004_ChannelDAPI,WF_GFP,TRITC,WF_Cy5_Seq0265.tiff",0
"WellC06_PointC06_0005_ChannelDAPI,WF_GFP,TRITC,WF_Cy5_Seq0266.tiff",0
"WellC06_PointC06_0006_ChannelDAPI,WF_GFP,TRITC,WF_Cy5_Seq0267.tiff",0
"WellC06_PointC06_0007_ChannelDAPI,WF_GFP,TRITC,WF_Cy5_Seq0268.tiff",0
"WellC06_PointC06_0008_ChannelDAPI,WF_GFP,TRITC,WF_Cy5_Seq0269.tiff",0
"WellC07_PointC07_0000_ChannelDAPI,WF_GFP,TRITC,WF_Cy5_Seq0270.tiff",0
"WellC07_PointC07_0001_ChannelDAPI,WF_GFP,TRITC,WF_Cy5_Seq0271.tiff",0
"WellC07_PointC07_0002_ChannelDAPI,WF_GFP,TRITC,WF_Cy5_Seq0272.tiff",0
"WellC07_PointC07_0003_ChannelDAPI,WF_GFP,TRITC,WF_Cy5_Seq0273.tiff",0
"WellC07_PointC07_0004_ChannelDAPI,WF_GFP,TRITC,WF_Cy5_Seq0274.tiff",0
"WellC07_PointC07_0005_ChannelDAPI,WF_GFP,TRITC,WF_Cy5_Seq0275.tiff",0
"WellC07_PointC07_0006_ChannelDAPI,WF_GFP,TRITC,WF_Cy5_Seq0276.tiff",0
"WellC07_PointC07_0007_ChannelDAPI,WF_GFP,TRITC,WF_Cy5_Seq0277.tiff",0
"WellC07_PointC07_0008_ChannelDAPI,WF_GFP,TRITC,WF_Cy5_Seq0278.tiff",0
"WellC08_PointC08_0000_ChannelDAPI,WF_GFP,TRITC,WF_Cy5_Seq0279.tiff",0
"WellC08_PointC08_0001_ChannelDAPI,WF_GFP,TRITC,WF_Cy5_Seq0280.tiff",0
"WellC08_PointC08_0002_ChannelDAPI,WF_GFP,TRITC,WF_Cy5_Seq0281.tiff",0
"WellC08_PointC08_0003_ChannelDAPI,WF_GFP,TRITC,WF_Cy5_Seq0282.tiff",0
"WellC08_PointC08_0004_ChannelDAPI,WF_GFP,TRITC,WF_Cy5_Seq0283.tiff",0
"WellC08_PointC08_0005_ChannelDAPI,WF_GFP,TRITC,WF_Cy5_Seq0284.tiff",0
"WellC08_PointC08_0006_ChannelDAPI,WF_GFP,TRITC,WF_Cy5_Seq0285.tiff",0
"WellC08_PointC08_0007_ChannelDAPI,WF_GFP,TRITC,WF_Cy5_Seq0286.tiff",0
"WellC08_PointC08_0008_ChannelDAPI,WF_GFP,TRITC,WF_Cy5_Seq0287.tiff",0
"WellC09_PointC09_0000_ChannelDAPI,WF_GFP,TRITC,WF_Cy5_Seq0288.tiff",0
"WellC09_PointC09_0001_ChannelDAPI,WF_GFP,TRITC,WF_Cy5_Seq0289.tiff",0
"WellC09_PointC09_0002_ChannelDAPI,WF_GFP,TRITC,WF_Cy5_Seq0290.tiff",0
"WellC09_PointC09_0003_ChannelDAPI,WF_GFP,TRITC,WF_Cy5_Seq0291.tiff",0
"WellC09_PointC09_0004_ChannelDAPI,WF_GFP,TRITC,WF_Cy5_Seq0292.tiff",0
"WellC09_PointC09_0005_ChannelDAPI,WF_GFP,TRITC,WF_Cy5_Seq0293.tiff",0
"WellC09_PointC09_0006_ChannelDAPI,WF_GFP,TRITC,WF_Cy5_Seq0294.tiff",0
"WellC09_PointC09_0007_ChannelDAPI,WF_GFP,TRITC,WF_Cy5_Seq0295.tiff",0
"WellC09_PointC09_0008_ChannelDAPI,WF_GFP,TRITC,WF_Cy5_Seq0296.tiff",0
"WellC10_PointC10_0000_ChannelDAPI,WF_GFP,TRITC,WF_Cy5_Seq0297.tiff",0
"WellC10_PointC10_0001_ChannelDAPI,WF_GFP,TRITC,WF_Cy5_Seq0298.tiff",0
"WellC10_PointC10_0002_ChannelDAPI,WF_GFP,TRITC,WF_Cy5_Seq0299.tiff",0
"WellC10_PointC10_0003_ChannelDAPI,WF_GFP,TRITC,WF_Cy5_Seq0300.tiff",0
"WellC10_PointC10_0004_ChannelDAPI,WF_GFP,TRITC,WF_Cy5_Seq0301.tiff",0
"WellC10_PointC10_0005_ChannelDAPI,WF_GFP,TRITC,WF_Cy5_Seq0302.tiff",0
"WellC10_PointC10_0006_ChannelDAPI,WF_GFP,TRITC,WF_Cy5_Seq0303.tiff",0
"WellC10_PointC10_0007_ChannelDAPI,WF_GFP,TRITC,WF_Cy5_Seq0304.tiff",0
"WellC10_PointC10_0008_ChannelDAPI,WF_GFP,TRITC,WF_Cy5_Seq0305.tiff",0
"WellC11_PointC11_0000_ChannelDAPI,WF_GFP,TRITC,WF_Cy5_Seq0306.tiff",0
"WellC11_PointC11_0001_ChannelDAPI,WF_GFP,TRITC,WF_Cy5_Seq0307.tiff",0
"WellC11_PointC11_0002_ChannelDAPI,WF_GFP,TRITC,WF_Cy5_Seq0308.tiff",0
"WellC11_PointC11_0003_ChannelDAPI,WF_GFP,TRITC,WF_Cy5_Seq0309.tiff",0
"WellC11_PointC11_0004_ChannelDAPI,WF_GFP,TRITC,WF_Cy5_Seq0310.tiff",0
"WellC11_PointC11_0005_ChannelDAPI,WF_GFP,TRITC,WF_Cy5_Seq0311.tiff",0
"WellC11_PointC11_0006_ChannelDAPI,WF_GFP,TRITC,WF_Cy5_Seq0312.tiff",0
"WellC11_PointC11_0007_ChannelDAPI,WF_GFP,TRITC,WF_Cy5_Seq0313.tiff",0
"WellC11_PointC11_0008_ChannelDAPI,WF_GFP,TRITC,WF_Cy5_Seq0314.tiff",0
"WellC12_PointC12_0000_ChannelDAPI,WF_GFP,TRITC,WF_Cy5_Seq0315.tiff",0
"WellC12_PointC12_0001_ChannelDAPI,WF_GFP,TRITC,WF_Cy5_Seq0316.tiff",0
"WellC12_PointC12_0002_ChannelDAPI,WF_GFP,TRITC,WF_Cy5_Seq0317.tiff",0
"WellC12_PointC12_0003_ChannelDAPI,WF_GFP,TRITC,WF_Cy5_Seq0318.tiff",0
"WellC12_PointC12_0004_ChannelDAPI,WF_GFP,TRITC,WF_Cy5_Seq0319.tiff",0
"WellC12_PointC12_0005_ChannelDAPI,WF_GFP,TRITC,WF_Cy5_Seq0320.tiff",0
"WellC12_PointC12_0006_ChannelDAPI,WF_GFP,TRITC,WF_Cy5_Seq0321.tiff",0
"WellC12_PointC12_0007_ChannelDAPI,WF_GFP,TRITC,WF_Cy5_Seq0322.tiff",0
"WellC12_PointC12_0008_ChannelDAPI,WF_GFP,TRITC,WF_Cy5_Seq0323.tiff",0
"WellD01_PointD01_0000_ChannelDAPI,WF_GFP,TRITC,WF_Cy5_Seq0423.tiff",0
"WellD01_PointD01_0001_ChannelDAPI,WF_GFP,TRITC,WF_Cy5_Seq0424.tiff",0
"WellD01_PointD01_0002_ChannelDAPI,WF_GFP,TRITC,WF_Cy5_Seq0425.tiff",0
"WellD01_PointD01_0003_ChannelDAPI,WF_GFP,TRITC,WF_Cy5_Seq0426.tiff",0
"WellD01_PointD01_0004_ChannelDAPI,WF_GFP,TRITC,WF_Cy5_Seq0427.tiff",0
"WellD01_PointD01_0005_ChannelDAPI,WF_GFP,TRITC,WF_Cy5_Seq0428.tiff",0
"WellD01_PointD01_0006_ChannelDAPI,WF_GFP,TRITC,WF_Cy5_Seq0429.tiff",0
"WellD01_PointD01_0007_ChannelDAPI,WF_GFP,TRITC,WF_Cy5_Seq0430.tiff",0
"WellD01_PointD01_0008_ChannelDAPI,WF_GFP,TRITC,WF_Cy5_Seq0431.tiff",0
"WellD02_PointD02_0000_ChannelDAPI,WF_GFP,TRITC,WF_Cy5_Seq0414.tiff",0
"WellD02_PointD02_0001_ChannelDAPI,WF_GFP,TRITC,WF_Cy5_Seq0415.tiff",0
"WellD02_PointD02_0002_ChannelDAPI,WF_GFP,TRITC,WF_Cy5_Seq0416.tiff",0
"WellD02_PointD02_0003_ChannelDAPI,WF_GFP,TRITC,WF_Cy5_Seq0417.tiff",0
"WellD02_PointD02_0004_ChannelDAPI,WF_GFP,TRITC,WF_Cy5_Seq0418.tiff",0
"WellD02_PointD02_0005_ChannelDAPI,WF_GFP,TRITC,WF_Cy5_Seq0419.tiff",0
"WellD02_PointD02_0006_ChannelDAPI,WF_GFP,TRITC,WF_Cy5_Seq0420.tiff",0
"WellD02_PointD02_0007_ChannelDAPI,WF_GFP,TRITC,WF_Cy5_Seq0421.tiff",0
"WellD02_PointD02_0008_ChannelDAPI,WF_GFP,TRITC,WF_Cy5_Seq0422.tiff",0
"WellD03_PointD03_0000_ChannelDAPI,WF_GFP,TRITC,WF_Cy5_Seq0405.tiff",0
"WellD03_PointD03_0001_ChannelDAPI,WF_GFP,TRITC,WF_Cy5_Seq0406.tiff",0
"WellD03_PointD03_0002_ChannelDAPI,WF_GFP,TRITC,WF_Cy5_Seq0407.tiff",0
"WellD03_PointD03_0003_ChannelDAPI,WF_GFP,TRITC,WF_Cy5_Seq0408.tiff",0
"WellD03_PointD03_0004_ChannelDAPI,WF_GFP,TRITC,WF_Cy5_Seq0409.tiff",0
"WellD03_PointD03_0005_ChannelDAPI,WF_GFP,TRITC,WF_Cy5_Seq0410.tiff",0
"WellD03_PointD03_0006_ChannelDAPI,WF_GFP,TRITC,WF_Cy5_Seq0411.tiff",1
"WellD03_PointD03_0007_ChannelDAPI,WF_GFP,TRITC,WF_Cy5_Seq0412.tiff",0
"WellD03_PointD03_0008_ChannelDAPI,WF_GFP,TRITC,WF_Cy5_Seq0413.tiff",0
"WellD04_PointD04_0000_ChannelDAPI,WF_GFP,TRITC,WF_Cy5_Seq0396.tiff",0
"WellD04_PointD04_0001_ChannelDAPI,WF_GFP,TRITC,WF_Cy5_Seq0397.tiff",1
"WellD04_PointD04_0002_ChannelDAPI,WF_GFP,TRITC,WF_Cy5_Seq0398.tiff",0
"WellD04_PointD04_0003_ChannelDAPI,WF_GFP,TRITC,WF_Cy5_Seq0399.tiff",0
"WellD04_PointD04_0004_ChannelDAPI,WF_GFP,TRITC,WF_Cy5_Seq0400.tiff",0
"WellD04_PointD04_0005_ChannelDAPI,WF_GFP,TRITC,WF_Cy5_Seq0401.tiff",0
"WellD04_PointD04_0006_ChannelDAPI,WF_GFP,TRITC,WF_Cy5_Seq0402.tiff",0
"WellD04_PointD04_0007_ChannelDAPI,WF_GFP,TRITC,WF_Cy5_Seq0403.tiff",0
"WellD04_PointD04_0008_ChannelDAPI,WF_GFP,TRITC,WF_Cy5_Seq0404.tiff",0
"WellD05_PointD05_0000_ChannelDAPI,WF_GFP,TRITC,WF_Cy5_Seq0387.tiff",0
"WellD05_PointD05_0001_ChannelDAPI,WF_GFP,TRITC,WF_Cy5_Seq0388.tiff",0
"WellD05_PointD05_0002_ChannelDAPI,WF_GFP,TRITC,WF_Cy5_Seq0389.tiff",0
"WellD05_PointD05_0003_ChannelDAPI,WF_GFP,TRITC,WF_Cy5_Seq0390.tiff",0
"WellD05_PointD05_0004_ChannelDAPI,WF_GFP,TRITC,WF_Cy5_Seq0391.tiff",0
"WellD05_PointD05_0005_ChannelDAPI,WF_GFP,TRITC,WF_Cy5_Seq0392.tiff",0
"WellD05_PointD05_0006_ChannelDAPI,WF_GFP,TRITC,WF_Cy5_Seq0393.tiff",0
"WellD05_PointD05_0007_ChannelDAPI,WF_GFP,TRITC,WF_Cy5_Seq0394.tiff",0
"WellD05_PointD05_0008_ChannelDAPI,WF_GFP,TRITC,WF_Cy5_Seq0395.tiff",0
"WellD06_PointD06_0000_ChannelDAPI,WF_GFP,TRITC,WF_Cy5_Seq0378.tiff",0
"WellD06_PointD06_0001_ChannelDAPI,WF_GFP,TRITC,WF_Cy5_Seq0379.tiff",0
"WellD06_PointD06_0002_ChannelDAPI,WF_GFP,TRITC,WF_Cy5_Seq0380.tiff",0
"WellD06_PointD06_0003_ChannelDAPI,WF_GFP,TRITC,WF_Cy5_Seq0381.tiff",0
"WellD06_PointD06_0004_ChannelDAPI,WF_GFP,TRITC,WF_Cy5_Seq0382.tiff",0
"WellD06_PointD06_0005_ChannelDAPI,WF_GFP,TRITC,WF_Cy5_Seq0383.tiff",0
"WellD06_PointD06_0006_ChannelDAPI,WF_GFP,TRITC,WF_Cy5_Seq0384.tiff",0
"WellD06_PointD06_0007_ChannelDAPI,WF_GFP,TRITC,WF_Cy5_Seq0385.tiff",0
"WellD06_PointD06_0008_ChannelDAPI,WF_GFP,TRITC,WF_Cy5_Seq0386.tiff",0
"WellD07_PointD07_0000_ChannelDAPI,WF_GFP,TRITC,WF_Cy5_Seq0369.tiff",0
"WellD07_PointD07_0001_ChannelDAPI,WF_GFP,TRITC,WF_Cy5_Seq0370.tiff",0
"WellD07_PointD07_0002_ChannelDAPI,WF_GFP,TRITC,WF_Cy5_Seq0371.tiff",0
"WellD07_PointD07_0003_ChannelDAPI,WF_GFP,TRITC,WF_Cy5_Seq0372.tiff",0
"WellD07_PointD07_0004_ChannelDAPI,WF_GFP,TRITC,WF_Cy5_Seq0373.tiff",0
"WellD07_PointD07_0005_ChannelDAPI,WF_GFP,TRITC,WF_Cy5_Seq0374.tiff",0
"WellD07_PointD07_0006_ChannelDAPI,WF_GFP,TRITC,WF_Cy5_Seq0375.tiff",0
"WellD07_PointD07_0007_ChannelDAPI,WF_GFP,TRITC,WF_Cy5_Seq0376.tiff",0
"WellD07_PointD07_0008_ChannelDAPI,WF_GFP,TRITC,WF_Cy5_Seq0377.tiff",0
"WellD08_PointD08_0000_ChannelDAPI,WF_GFP,TRITC,WF_Cy5_Seq0360.tiff",0
"WellD08_PointD08_0001_ChannelDAPI,WF_GFP,TRITC,WF_Cy5_Seq0361.tiff",0
"WellD08_PointD08_0002_ChannelDAPI,WF_GFP,TRITC,WF_Cy5_Seq0362.tiff",0
"WellD08_PointD08_0003_ChannelDAPI,WF_GFP,TRITC,WF_Cy5_Seq0363.tiff",0
"WellD08_PointD08_0004_ChannelDAPI,WF_GFP,TRITC,WF_Cy5_Seq0364.tiff",0
"WellD08_PointD08_0005_ChannelDAPI,WF_GFP,TRITC,WF_Cy5_Seq0365.tiff",0
"WellD08_PointD08_0006_ChannelDAPI,WF_GFP,TRITC,WF_Cy5_Seq0366.tiff",0
"WellD08_PointD08_0007_ChannelDAPI,WF_GFP,TRITC,WF_Cy5_Seq0367.tiff",0
"WellD08_PointD08_0008_ChannelDAPI,WF_GFP,TRITC,WF_Cy5_Seq0368.tiff",0
"WellD09_PointD09_0000_ChannelDAPI,WF_GFP,TRITC,WF_Cy5_Seq0351.tiff",0
"WellD09_PointD09_0001_ChannelDAPI,WF_GFP,TRITC,WF_Cy5_Seq0352.tiff",0
"WellD09_PointD09_0002_ChannelDAPI,WF_GFP,TRITC,WF_Cy5_Seq0353.tiff",0
"WellD09_PointD09_0003_ChannelDAPI,WF_GFP,TRITC,WF_Cy5_Seq0354.tiff",0
"WellD09_PointD09_0004_ChannelDAPI,WF_GFP,TRITC,WF_Cy5_Seq0355.tiff",0
"WellD09_PointD09_0005_ChannelDAPI,WF_GFP,TRITC,WF_Cy5_Seq0356.tiff",0
"WellD09_PointD09_0006_ChannelDAPI,WF_GFP,TRITC,WF_Cy5_Seq0357.tiff",0
"WellD09_PointD09_0007_ChannelDAPI,WF_GFP,TRITC,WF_Cy5_Seq0358.tiff",0
"WellD09_PointD09_0008_ChannelDAPI,WF_GFP,TRITC,WF_Cy5_Seq0359.tiff",0
"WellD10_PointD10_0000_ChannelDAPI,WF_GFP,TRITC,WF_Cy5_Seq0342.tiff",0
"WellD10_PointD10_0001_ChannelDAPI,WF_GFP,TRITC,WF_Cy5_Seq0343.tiff",0
"WellD10_PointD10_0002_ChannelDAPI,WF_GFP,TRITC,WF_Cy5_Seq0344.tiff",-1
"WellD10_PointD10_0003_ChannelDAPI,WF_GFP,TRITC,WF_Cy5_Seq0345.tiff",0
"WellD10_PointD10_0004_ChannelDAPI,WF_GFP,TRITC,WF_Cy5_Seq0346.tiff",-1
"WellD10_PointD10_0005_ChannelDAPI,WF_GFP,TRITC,WF_Cy5_Seq0347.tiff",0
"WellD10_PointD10_0006_ChannelDAPI,WF_GFP,TRITC,WF_Cy5_Seq0348.tiff",0
"WellD10_PointD10_0007_ChannelDAPI,WF_GFP,TRITC,WF_Cy5_Seq0349.tiff",-1
"WellD10_PointD10_0008_ChannelDAPI,WF_GFP,TRITC,WF_Cy5_Seq0350.tiff",0
"WellD11_PointD11_0000_ChannelDAPI,WF_GFP,TRITC,WF_Cy5_Seq0333.tiff",0
"WellD11_PointD11_0001_ChannelDAPI,WF_GFP,TRITC,WF_Cy5_Seq0334.tiff",0
"WellD11_PointD11_0002_ChannelDAPI,WF_GFP,TRITC,WF_Cy5_Seq0335.tiff",0
"WellD11_PointD11_0003_ChannelDAPI,WF_GFP,TRITC,WF_Cy5_Seq0336.tiff",0
"WellD11_PointD11_0004_ChannelDAPI,WF_GFP,TRITC,WF_Cy5_Seq0337.tiff",0
"WellD11_PointD11_0005_ChannelDAPI,WF_GFP,TRITC,WF_Cy5_Seq0338.tiff",0
"WellD11_PointD11_0006_ChannelDAPI,WF_GFP,TRITC,WF_Cy5_Seq0339.tiff",0
"WellD11_PointD11_0007_ChannelDAPI,WF_GFP,TRITC,WF_Cy5_Seq0340.tiff",0
"WellD11_PointD11_0008_ChannelDAPI,WF_GFP,TRITC,WF_Cy5_Seq0341.tiff",0
"WellD12_PointD12_0000_ChannelDAPI,WF_GFP,TRITC,WF_Cy5_Seq0324.tiff",0
"WellD12_PointD12_0001_ChannelDAPI,WF_GFP,TRITC,WF_Cy5_Seq0325.tiff",0
"WellD12_PointD12_0002_ChannelDAPI,WF_GFP,TRITC,WF_Cy5_Seq0326.tiff",0
"WellD12_PointD12_0003_ChannelDAPI,WF_GFP,TRITC,WF_Cy5_Seq0327.tiff",0
"WellD12_PointD12_0004_ChannelDAPI,WF_GFP,TRITC,WF_Cy5_Seq0328.tiff",0
"WellD12_PointD12_0005_ChannelDAPI,WF_GFP,TRITC,WF_Cy5_Seq0329.tiff",0
"WellD12_PointD12_0006_ChannelDAPI,WF_GFP,TRITC,WF_Cy5_Seq0330.tiff",0
"WellD12_PointD12_0007_ChannelDAPI,WF_GFP,TRITC,WF_Cy5_Seq0331.tiff",0
"WellD12_PointD12_0008_ChannelDAPI,WF_GFP,TRITC,WF_Cy5_Seq0332.tiff",0
"WellE01_PointE01_0000_ChannelDAPI,WF_GFP,TRITC,WF_Cy5_Seq0432.tiff",0
"WellE01_PointE01_0001_ChannelDAPI,WF_GFP,TRITC,WF_Cy5_Seq0433.tiff",0
"WellE01_PointE01_0002_ChannelDAPI,WF_GFP,TRITC,WF_Cy5_Seq0434.tiff",0
"WellE01_PointE01_0003_ChannelDAPI,WF_GFP,TRITC,WF_Cy5_Seq0435.tiff",0
"WellE01_PointE01_0004_ChannelDAPI,WF_GFP,TRITC,WF_Cy5_Seq0436.tiff",0
"WellE01_PointE01_0005_ChannelDAPI,WF_GFP,TRITC,WF_Cy5_Seq0437.tiff",1
"WellE01_PointE01_0006_ChannelDAPI,WF_GFP,TRITC,WF_Cy5_Seq0438.tiff",0
"WellE01_PointE01_0007_ChannelDAPI,WF_GFP,TRITC,WF_Cy5_Seq0439.tiff",0
"WellE01_PointE01_0008_ChannelDAPI,WF_GFP,TRITC,WF_Cy5_Seq0440.tiff",0
"WellE02_PointE02_0000_ChannelDAPI,WF_GFP,TRITC,WF_Cy5_Seq0441.tiff",0
"WellE02_PointE02_0001_ChannelDAPI,WF_GFP,TRITC,WF_Cy5_Seq0442.tiff",0
"WellE02_PointE02_0002_ChannelDAPI,WF_GFP,TRITC,WF_Cy5_Seq0443.tiff",0
"WellE02_PointE02_0003_ChannelDAPI,WF_GFP,TRITC,WF_Cy5_Seq0444.tiff",0
"WellE02_PointE02_0004_ChannelDAPI,WF_GFP,TRITC,WF_Cy5_Seq0445.tiff",0
"WellE02_PointE02_0005_ChannelDAPI,WF_GFP,TRITC,WF_Cy5_Seq0446.tiff",0
"WellE02_PointE02_0006_ChannelDAPI,WF_GFP,TRITC,WF_Cy5_Seq0447.tiff",0
"WellE02_PointE02_0007_ChannelDAPI,WF_GFP,TRITC,WF_Cy5_Seq0448.tiff",0
"WellE02_PointE02_0008_ChannelDAPI,WF_GFP,TRITC,WF_Cy5_Seq0449.tiff",0
"WellE03_PointE03_0000_ChannelDAPI,WF_GFP,TRITC,WF_Cy5_Seq0450.tiff",0
"WellE03_PointE03_0001_ChannelDAPI,WF_GFP,TRITC,WF_Cy5_Seq0451.tiff",0
"WellE03_PointE03_0002_ChannelDAPI,WF_GFP,TRITC,WF_Cy5_Seq0452.tiff",0
"WellE03_PointE03_0003_ChannelDAPI,WF_GFP,TRITC,WF_Cy5_Seq0453.tiff",0
"WellE03_PointE03_0004_ChannelDAPI,WF_GFP,TRITC,WF_Cy5_Seq0454.tiff",0
"WellE03_PointE03_0005_ChannelDAPI,WF_GFP,TRITC,WF_Cy5_Seq0455.tiff",0
"WellE03_PointE03_0006_ChannelDAPI,WF_GFP,TRITC,WF_Cy5_Seq0456.tiff",0
"WellE03_PointE03_0007_ChannelDAPI,WF_GFP,TRITC,WF_Cy5_Seq0457.tiff",0
"WellE03_PointE03_0008_ChannelDAPI,WF_GFP,TRITC,WF_Cy5_Seq0458.tiff",0
"WellE04_PointE04_0000_ChannelDAPI,WF_GFP,TRITC,WF_Cy5_Seq0459.tiff",0
"WellE04_PointE04_0001_ChannelDAPI,WF_GFP,TRITC,WF_Cy5_Seq0460.tiff",0
"WellE04_PointE04_0002_ChannelDAPI,WF_GFP,TRITC,WF_Cy5_Seq0461.tiff",0
"WellE04_PointE04_0003_ChannelDAPI,WF_GFP,TRITC,WF_Cy5_Seq0462.tiff",0
"WellE04_PointE04_0004_ChannelDAPI,WF_GFP,TRITC,WF_Cy5_Seq0463.tiff",0
"WellE04_PointE04_0005_ChannelDAPI,WF_GFP,TRITC,WF_Cy5_Seq0464.tiff",0
"WellE04_PointE04_0006_ChannelDAPI,WF_GFP,TRITC,WF_Cy5_Seq0465.tiff",0
"WellE04_PointE04_0007_ChannelDAPI,WF_GFP,TRITC,WF_Cy5_Seq0466.tiff",0
"WellE04_PointE04_0008_ChannelDAPI,WF_GFP,TRITC,WF_Cy5_Seq0467.tiff",-1
"WellE05_PointE05_0000_ChannelDAPI,WF_GFP,TRITC,WF_Cy5_Seq0468.tiff",0
"WellE05_PointE05_0001_ChannelDAPI,WF_GFP,TRITC,WF_Cy5_Seq0469.tiff",0
"WellE05_PointE05_0002_ChannelDAPI,WF_GFP,TRITC,WF_Cy5_Seq0470.tiff",0
"WellE05_PointE05_0003_ChannelDAPI,WF_GFP,TRITC,WF_Cy5_Seq0471.tiff",0
"WellE05_PointE05_0004_ChannelDAPI,WF_GFP,TRITC,WF_Cy5_Seq0472.tiff",0
"WellE05_PointE05_0005_ChannelDAPI,WF_GFP,TRITC,WF_Cy5_Seq0473.tiff",0
"WellE05_PointE05_0006_ChannelDAPI,WF_GFP,TRITC,WF_Cy5_Seq0474.tiff",0
"WellE05_PointE05_0007_ChannelDAPI,WF_GFP,TRITC,WF_Cy5_Seq0475.tiff",0
"WellE05_PointE05_0008_ChannelDAPI,WF_GFP,TRITC,WF_Cy5_Seq0476.tiff",-1
"WellE06_PointE06_0000_ChannelDAPI,WF_GFP,TRITC,WF_Cy5_Seq0477.tiff",0
"WellE06_PointE06_0001_ChannelDAPI,WF_GFP,TRITC,WF_Cy5_Seq0478.tiff",-1
"WellE06_PointE06_0002_ChannelDAPI,WF_GFP,TRITC,WF_Cy5_Seq0479.tiff",0
"WellE06_PointE06_0003_ChannelDAPI,WF_GFP,TRITC,WF_Cy5_Seq0480.tiff",0
"WellE06_PointE06_0004_ChannelDAPI,WF_GFP,TRITC,WF_Cy5_Seq0481.tiff",0
"WellE06_PointE06_0005_ChannelDAPI,WF_GFP,TRITC,WF_Cy5_Seq0482.tiff",1
"WellE06_PointE06_0006_ChannelDAPI,WF_GFP,TRITC,WF_Cy5_Seq0483.tiff",0
"WellE06_PointE06_0007_ChannelDAPI,WF_GFP,TRITC,WF_Cy5_Seq0484.tiff",0
"WellE06_PointE06_0008_ChannelDAPI,WF_GFP,TRITC,WF_Cy5_Seq0485.tiff",0
"WellE07_PointE07_0000_ChannelDAPI,WF_GFP,TRITC,WF_Cy5_Seq0486.tiff",0
"WellE07_PointE07_0001_ChannelDAPI,WF_GFP,TRITC,WF_Cy5_Seq0487.tiff",0
"WellE07_PointE07_0002_ChannelDAPI,WF_GFP,TRITC,WF_Cy5_Seq0488.tiff",0
"WellE07_PointE07_0003_ChannelDAPI,WF_GFP,TRITC,WF_Cy5_Seq0489.tiff",0
"WellE07_PointE07_0004_ChannelDAPI,WF_GFP,TRITC,WF_Cy5_Seq0490.tiff",0
"WellE07_PointE07_0005_ChannelDAPI,WF_GFP,TRITC,WF_Cy5_Seq0491.tiff",0
"WellE07_PointE07_0006_ChannelDAPI,WF_GFP,TRITC,WF_Cy5_Seq0492.tiff",0
"WellE07_PointE07_0007_ChannelDAPI,WF_GFP,TRITC,WF_Cy5_Seq0493.tiff",0
"WellE07_PointE07_0008_ChannelDAPI,WF_GFP,TRITC,WF_Cy5_Seq0494.tiff",0
"WellE08_PointE08_0000_ChannelDAPI,WF_GFP,TRITC,WF_Cy5_Seq0495.tiff",0
"WellE08_PointE08_0001_ChannelDAPI,WF_GFP,TRITC,WF_Cy5_Seq0496.tiff",0
"WellE08_PointE08_0002_ChannelDAPI,WF_GFP,TRITC,WF_Cy5_Seq0497.tiff",0
"WellE08_PointE08_0003_ChannelDAPI,WF_GFP,TRITC,WF_Cy5_Seq0498.tiff",0
"WellE08_PointE08_0004_ChannelDAPI,WF_GFP,TRITC,WF_Cy5_Seq0499.tiff",0
"WellE08_PointE08_0005_ChannelDAPI,WF_GFP,TRITC,WF_Cy5_Seq0500.tiff",0
"WellE08_PointE08_0006_ChannelDAPI,WF_GFP,TRITC,WF_Cy5_Seq0501.tiff",0
"WellE08_PointE08_0007_ChannelDAPI,WF_GFP,TRITC,WF_Cy5_Seq0502.tiff",0
"WellE08_PointE08_0008_ChannelDAPI,WF_GFP,TRITC,WF_Cy5_Seq0503.tiff",0
"WellE09_PointE09_0000_ChannelDAPI,WF_GFP,TRITC,WF_Cy5_Seq0504.tiff",0
"WellE09_PointE09_0001_ChannelDAPI,WF_GFP,TRITC,WF_Cy5_Seq0505.tiff",0
"WellE09_PointE09_0002_ChannelDAPI,WF_GFP,TRITC,WF_Cy5_Seq0506.tiff",0
"WellE09_PointE09_0003_ChannelDAPI,WF_GFP,TRITC,WF_Cy5_Seq0507.tiff",0
"WellE09_PointE09_0004_ChannelDAPI,WF_GFP,TRITC,WF_Cy5_Seq0508.tiff",0
"WellE09_PointE09_0005_ChannelDAPI,WF_GFP,TRITC,WF_Cy5_Seq0509.tiff",0
"WellE09_PointE09_0006_ChannelDAPI,WF_GFP,TRITC,WF_Cy5_Seq0510.tiff",0
"WellE09_PointE09_0007_ChannelDAPI,WF_GFP,TRITC,WF_Cy5_Seq0511.tiff",0
"WellE09_PointE09_0008_ChannelDAPI,WF_GFP,TRITC,WF_Cy5_Seq0512.tiff",0
"WellE10_PointE10_0000_ChannelDAPI,WF_GFP,TRITC,WF_Cy5_Seq0513.tiff",0
"WellE10_PointE10_0001_ChannelDAPI,WF_GFP,TRITC,WF_Cy5_Seq0514.tiff",0
"WellE10_PointE10_0002_ChannelDAPI,WF_GFP,TRITC,WF_Cy5_Seq0515.tiff",0
"WellE10_PointE10_0003_ChannelDAPI,WF_GFP,TRITC,WF_Cy5_Seq0516.tiff",0
"WellE10_PointE10_0004_ChannelDAPI,WF_GFP,TRITC,WF_Cy5_Seq0517.tiff",0
"WellE10_PointE10_0005_ChannelDAPI,WF_GFP,TRITC,WF_Cy5_Seq0518.tiff",0
"WellE10_PointE10_0006_ChannelDAPI,WF_GFP,TRITC,WF_Cy5_Seq0519.tiff",0
"WellE10_PointE10_0007_ChannelDAPI,WF_GFP,TRITC,WF_Cy5_Seq0520.tiff",0
"WellE10_PointE10_0008_ChannelDAPI,WF_GFP,TRITC,WF_Cy5_Seq0521.tiff",0
"WellE11_PointE11_0000_ChannelDAPI,WF_GFP,TRITC,WF_Cy5_Seq0522.tiff",0
"WellE11_PointE11_0001_ChannelDAPI,WF_GFP,TRITC,WF_Cy5_Seq0523.tiff",0
"WellE11_PointE11_0002_ChannelDAPI,WF_GFP,TRITC,WF_Cy5_Seq0524.tiff",0
"WellE11_PointE11_0003_ChannelDAPI,WF_GFP,TRITC,WF_Cy5_Seq0525.tiff",0
"WellE11_PointE11_0004_ChannelDAPI,WF_GFP,TRITC,WF_Cy5_Seq0526.tiff",0
"WellE11_PointE11_0005_ChannelDAPI,WF_GFP,TRITC,WF_Cy5_Seq0527.tiff",0
"WellE11_PointE11_0006_ChannelDAPI,WF_GFP,TRITC,WF_Cy5_Seq0528.tiff",-1
"WellE11_PointE11_0007_ChannelDAPI,WF_GFP,TRITC,WF_Cy5_Seq0529.tiff",0
"WellE11_PointE11_0008_ChannelDAPI,WF_GFP,TRITC,WF_Cy5_Seq0530.tiff",0
"WellE12_PointE12_0000_ChannelDAPI,WF_GFP,TRITC,WF_Cy5_Seq0531.tiff",0
"WellE12_PointE12_0001_ChannelDAPI,WF_GFP,TRITC,WF_Cy5_Seq0532.tiff",0
"WellE12_PointE12_0002_ChannelDAPI,WF_GFP,TRITC,WF_Cy5_Seq0533.tiff",0
"WellE12_PointE12_0003_ChannelDAPI,WF_GFP,TRITC,WF_Cy5_Seq0534.tiff",0
"WellE12_PointE12_0004_ChannelDAPI,WF_GFP,TRITC,WF_Cy5_Seq0535.tiff",0
"WellE12_PointE12_0005_ChannelDAPI,WF_GFP,TRITC,WF_Cy5_Seq0536.tiff",0
"WellE12_PointE12_0006_ChannelDAPI,WF_GFP,TRITC,WF_Cy5_Seq0537.tiff",0
"WellE12_PointE12_0007_ChannelDAPI,WF_GFP,TRITC,WF_Cy5_Seq0538.tiff",1
"WellE12_PointE12_0008_ChannelDAPI,WF_GFP,TRITC,WF_Cy5_Seq0539.tiff",0
"WellF01_PointF01_0000_ChannelDAPI,WF_GFP,TRITC,WF_Cy5_Seq0639.tiff",0
"WellF01_PointF01_0001_ChannelDAPI,WF_GFP,TRITC,WF_Cy5_Seq0640.tiff",0
"WellF01_PointF01_0002_ChannelDAPI,WF_GFP,TRITC,WF_Cy5_Seq0641.tiff",0
"WellF01_PointF01_0003_ChannelDAPI,WF_GFP,TRITC,WF_Cy5_Seq0642.tiff",0
"WellF01_PointF01_0004_ChannelDAPI,WF_GFP,TRITC,WF_Cy5_Seq0643.tiff",0
"WellF01_PointF01_0005_ChannelDAPI,WF_GFP,TRITC,WF_Cy5_Seq0644.tiff",0
"WellF01_PointF01_0006_ChannelDAPI,WF_GFP,TRITC,WF_Cy5_Seq0645.tiff",0
"WellF01_PointF01_0007_ChannelDAPI,WF_GFP,TRITC,WF_Cy5_Seq0646.tiff",0
"WellF01_PointF01_0008_ChannelDAPI,WF_GFP,TRITC,WF_Cy5_Seq0647.tiff",0
"WellF02_PointF02_0000_ChannelDAPI,WF_GFP,TRITC,WF_Cy5_Seq0630.tiff",0
"WellF02_PointF02_0001_ChannelDAPI,WF_GFP,TRITC,WF_Cy5_Seq0631.tiff",-1
"WellF02_PointF02_0002_ChannelDAPI,WF_GFP,TRITC,WF_Cy5_Seq0632.tiff",0
"WellF02_PointF02_0003_ChannelDAPI,WF_GFP,TRITC,WF_Cy5_Seq0633.tiff",0
"WellF02_PointF02_0004_ChannelDAPI,WF_GFP,TRITC,WF_Cy5_Seq0634.tiff",0
"WellF02_PointF02_0005_ChannelDAPI,WF_GFP,TRITC,WF_Cy5_Seq0635.tiff",0
"WellF02_PointF02_0006_ChannelDAPI,WF_GFP,TRITC,WF_Cy5_Seq0636.tiff",0
"WellF02_PointF02_0007_ChannelDAPI,WF_GFP,TRITC,WF_Cy5_Seq0637.tiff",0
"WellF02_PointF02_0008_ChannelDAPI,WF_GFP,TRITC,WF_Cy5_Seq0638.tiff",0
"WellF03_PointF03_0000_ChannelDAPI,WF_GFP,TRITC,WF_Cy5_Seq0621.tiff",0
"WellF03_PointF03_0001_ChannelDAPI,WF_GFP,TRITC,WF_Cy5_Seq0622.tiff",0
"WellF03_PointF03_0002_ChannelDAPI,WF_GFP,TRITC,WF_Cy5_Seq0623.tiff",0
"WellF03_PointF03_0003_ChannelDAPI,WF_GFP,TRITC,WF_Cy5_Seq0624.tiff",0
"WellF03_PointF03_0004_ChannelDAPI,WF_GFP,TRITC,WF_Cy5_Seq0625.tiff",0
"WellF03_PointF03_0005_ChannelDAPI,WF_GFP,TRITC,WF_Cy5_Seq0626.tiff",0
"WellF03_PointF03_0006_ChannelDAPI,WF_GFP,TRITC,WF_Cy5_Seq0627.tiff",0
"WellF03_PointF03_0007_ChannelDAPI,WF_GFP,TRITC,WF_Cy5_Seq0628.tiff",0
"WellF03_PointF03_0008_ChannelDAPI,WF_GFP,TRITC,WF_Cy5_Seq0629.tiff",0
"WellF04_PointF04_0000_ChannelDAPI,WF_GFP,TRITC,WF_Cy5_Seq0612.tiff",0
"WellF04_PointF04_0001_ChannelDAPI,WF_GFP,TRITC,WF_Cy5_Seq0613.tiff",0
"WellF04_PointF04_0002_ChannelDAPI,WF_GFP,TRITC,WF_Cy5_Seq0614.tiff",0
"WellF04_PointF04_0003_ChannelDAPI,WF_GFP,TRITC,WF_Cy5_Seq0615.tiff",0
"WellF04_PointF04_0004_ChannelDAPI,WF_GFP,TRITC,WF_Cy5_Seq0616.tiff",0
"WellF04_PointF04_0005_ChannelDAPI,WF_GFP,TRITC,WF_Cy5_Seq0617.tiff",0
"WellF04_PointF04_0006_ChannelDAPI,WF_GFP,TRITC,WF_Cy5_Seq0618.tiff",0
"WellF04_PointF04_0007_ChannelDAPI,WF_GFP,TRITC,WF_Cy5_Seq0619.tiff",0
"WellF04_PointF04_0008_ChannelDAPI,WF_GFP,TRITC,WF_Cy5_Seq0620.tiff",0
"WellF05_PointF05_0000_ChannelDAPI,WF_GFP,TRITC,WF_Cy5_Seq0603.tiff",0
"WellF05_PointF05_0001_ChannelDAPI,WF_GFP,TRITC,WF_Cy5_Seq0604.tiff",0
"WellF05_PointF05_0002_ChannelDAPI,WF_GFP,TRITC,WF_Cy5_Seq0605.tiff",0
"WellF05_PointF05_0003_ChannelDAPI,WF_GFP,TRITC,WF_Cy5_Seq0606.tiff",-1
"WellF05_PointF05_0004_ChannelDAPI,WF_GFP,TRITC,WF_Cy5_Seq0607.tiff",0
"WellF05_PointF05_0005_ChannelDAPI,WF_GFP,TRITC,WF_Cy5_Seq0608.tiff",0
"WellF05_PointF05_0006_ChannelDAPI,WF_GFP,TRITC,WF_Cy5_Seq0609.tiff",0
"WellF05_PointF05_0007_ChannelDAPI,WF_GFP,TRITC,WF_Cy5_Seq0610.tiff",0
"WellF05_PointF05_0008_ChannelDAPI,WF_GFP,TRITC,WF_Cy5_Seq0611.tiff",0
"WellF06_PointF06_0000_ChannelDAPI,WF_GFP,TRITC,WF_Cy5_Seq0594.tiff",0
"WellF06_PointF06_0001_ChannelDAPI,WF_GFP,TRITC,WF_Cy5_Seq0595.tiff",0
"WellF06_PointF06_0002_ChannelDAPI,WF_GFP,TRITC,WF_Cy5_Seq0596.tiff",0
"WellF06_PointF06_0003_ChannelDAPI,WF_GFP,TRITC,WF_Cy5_Seq0597.tiff",0
"WellF06_PointF06_0004_ChannelDAPI,WF_GFP,TRITC,WF_Cy5_Seq0598.tiff",0
"WellF06_PointF06_0005_ChannelDAPI,WF_GFP,TRITC,WF_Cy5_Seq0599.tiff",1
"WellF06_PointF06_0006_ChannelDAPI,WF_GFP,TRITC,WF_Cy5_Seq0600.tiff",0
"WellF06_PointF06_0007_ChannelDAPI,WF_GFP,TRITC,WF_Cy5_Seq0601.tiff",0
"WellF06_PointF06_0008_ChannelDAPI,WF_GFP,TRITC,WF_Cy5_Seq0602.tiff",0
"WellF07_PointF07_0000_ChannelDAPI,WF_GFP,TRITC,WF_Cy5_Seq0585.tiff",0
"WellF07_PointF07_0001_ChannelDAPI,WF_GFP,TRITC,WF_Cy5_Seq0586.tiff",0
"WellF07_PointF07_0002_ChannelDAPI,WF_GFP,TRITC,WF_Cy5_Seq0587.tiff",0
"WellF07_PointF07_0003_ChannelDAPI,WF_GFP,TRITC,WF_Cy5_Seq0588.tiff",0
"WellF07_PointF07_0004_ChannelDAPI,WF_GFP,TRITC,WF_Cy5_Seq0589.tiff",0
"WellF07_PointF07_0005_ChannelDAPI,WF_GFP,TRITC,WF_Cy5_Seq0590.tiff",0
"WellF07_PointF07_0006_ChannelDAPI,WF_GFP,TRITC,WF_Cy5_Seq0591.tiff",0
"WellF07_PointF07_0007_ChannelDAPI,WF_GFP,TRITC,WF_Cy5_Seq0592.tiff",0
"WellF07_PointF07_0008_ChannelDAPI,WF_GFP,TRITC,WF_Cy5_Seq0593.tiff",0
"WellF08_PointF08_0000_ChannelDAPI,WF_GFP,TRITC,WF_Cy5_Seq0576.tiff",0
"WellF08_PointF08_0001_ChannelDAPI,WF_GFP,TRITC,WF_Cy5_Seq0577.tiff",0
"WellF08_PointF08_0002_ChannelDAPI,WF_GFP,TRITC,WF_Cy5_Seq0578.tiff",-1
"WellF08_PointF08_0003_ChannelDAPI,WF_GFP,TRITC,WF_Cy5_Seq0579.tiff",0
"WellF08_PointF08_0004_ChannelDAPI,WF_GFP,TRITC,WF_Cy5_Seq0580.tiff",0
"WellF08_PointF08_0005_ChannelDAPI,WF_GFP,TRITC,WF_Cy5_Seq0581.tiff",0
"WellF08_PointF08_0006_ChannelDAPI,WF_GFP,TRITC,WF_Cy5_Seq0582.tiff",0
"WellF08_PointF08_0007_ChannelDAPI,WF_GFP,TRITC,WF_Cy5_Seq0583.tiff",-1
"WellF08_PointF08_0008_ChannelDAPI,WF_GFP,TRITC,WF_Cy5_Seq0584.tiff",0
"WellF09_PointF09_0000_ChannelDAPI,WF_GFP,TRITC,WF_Cy5_Seq0567.tiff",0
"WellF09_PointF09_0001_ChannelDAPI,WF_GFP,TRITC,WF_Cy5_Seq0568.tiff",0
"WellF09_PointF09_0002_ChannelDAPI,WF_GFP,TRITC,WF_Cy5_Seq0569.tiff",0
"WellF09_PointF09_0003_ChannelDAPI,WF_GFP,TRITC,WF_Cy5_Seq0570.tiff",-1
"WellF09_PointF09_0004_ChannelDAPI,WF_GFP,TRITC,WF_Cy5_Seq0571.tiff",0
"WellF09_PointF09_0005_ChannelDAPI,WF_GFP,TRITC,WF_Cy5_Seq0572.tiff",0
"WellF09_PointF09_0006_ChannelDAPI,WF_GFP,TRITC,WF_Cy5_Seq0573.tiff",0
"WellF09_PointF09_0007_ChannelDAPI,WF_GFP,TRITC,WF_Cy5_Seq0574.tiff",0
"WellF09_PointF09_0008_ChannelDAPI,WF_GFP,TRITC,WF_Cy5_Seq0575.tiff",0
"WellF10_PointF10_0000_ChannelDAPI,WF_GFP,TRITC,WF_Cy5_Seq0558.tiff",0
"WellF10_PointF10_0001_ChannelDAPI,WF_GFP,TRITC,WF_Cy5_Seq0559.tiff",0
"WellF10_PointF10_0002_ChannelDAPI,WF_GFP,TRITC,WF_Cy5_Seq0560.tiff",0
"WellF10_PointF10_0003_ChannelDAPI,WF_GFP,TRITC,WF_Cy5_Seq0561.tiff",0
"WellF10_PointF10_0004_ChannelDAPI,WF_GFP,TRITC,WF_Cy5_Seq0562.tiff",-1
"WellF10_PointF10_0005_ChannelDAPI,WF_GFP,TRITC,WF_Cy5_Seq0563.tiff",0
"WellF10_PointF10_0006_ChannelDAPI,WF_GFP,TRITC,WF_Cy5_Seq0564.tiff",0
"WellF10_PointF10_0007_ChannelDAPI,WF_GFP,TRITC,WF_Cy5_Seq0565.tiff",0
"WellF10_PointF10_0008_ChannelDAPI,WF_GFP,TRITC,WF_Cy5_Seq0566.tiff",0
"WellF11_PointF11_0000_ChannelDAPI,WF_GFP,TRITC,WF_Cy5_Seq0549.tiff",0
"WellF11_PointF11_0001_ChannelDAPI,WF_GFP,TRITC,WF_Cy5_Seq0550.tiff",0
"WellF11_PointF11_0002_ChannelDAPI,WF_GFP,TRITC,WF_Cy5_Seq0551.tiff",0
"WellF11_PointF11_0003_ChannelDAPI,WF_GFP,TRITC,WF_Cy5_Seq0552.tiff",0
"WellF11_PointF11_0004_ChannelDAPI,WF_GFP,TRITC,WF_Cy5_Seq0553.tiff",0
"WellF11_PointF11_0005_ChannelDAPI,WF_GFP,TRITC,WF_Cy5_Seq0554.tiff",0
"WellF11_PointF11_0006_ChannelDAPI,WF_GFP,TRITC,WF_Cy5_Seq0555.tiff",0
"WellF11_PointF11_0007_ChannelDAPI,WF_GFP,TRITC,WF_Cy5_Seq0556.tiff",0
"WellF11_PointF11_0008_ChannelDAPI,WF_GFP,TRITC,WF_Cy5_Seq0557.tiff",-1
"WellF12_PointF12_0000_ChannelDAPI,WF_GFP,TRITC,WF_Cy5_Seq0540.tiff",0
"WellF12_PointF12_0001_ChannelDAPI,WF_GFP,TRITC,WF_Cy5_Seq0541.tiff",0
"WellF12_PointF12_0002_ChannelDAPI,WF_GFP,TRITC,WF_Cy5_Seq0542.tiff",0
"WellF12_PointF12_0003_ChannelDAPI,WF_GFP,TRITC,WF_Cy5_Seq0543.tiff",0
"WellF12_PointF12_0004_ChannelDAPI,WF_GFP,TRITC,WF_Cy5_Seq0544.tiff",0
"WellF12_PointF12_0005_ChannelDAPI,WF_GFP,TRITC,WF_Cy5_Seq0545.tiff",0
"WellF12_PointF12_0006_ChannelDAPI,WF_GFP,TRITC,WF_Cy5_Seq0546.tiff",0
"WellF12_PointF12_0007_ChannelDAPI,WF_GFP,TRITC,WF_Cy5_Seq0547.tiff",0
"WellF12_PointF12_0008_ChannelDAPI,WF_GFP,TRITC,WF_Cy5_Seq0548.tiff",0
"WellG01_PointG01_0000_ChannelDAPI,WF_GFP,TRITC,WF_Cy5_Seq0648.tiff",0
"WellG01_PointG01_0001_ChannelDAPI,WF_GFP,TRITC,WF_Cy5_Seq0649.tiff",0
"WellG01_PointG01_0002_ChannelDAPI,WF_GFP,TRITC,WF_Cy5_Seq0650.tiff",0
"WellG01_PointG01_0003_ChannelDAPI,WF_GFP,TRITC,WF_Cy5_Seq0651.tiff",0
"WellG01_PointG01_0004_ChannelDAPI,WF_GFP,TRITC,WF_Cy5_Seq0652.tiff",-1
"WellG01_PointG01_0005_ChannelDAPI,WF_GFP,TRITC,WF_Cy5_Seq0653.tiff",0
"WellG01_PointG01_0006_ChannelDAPI,WF_GFP,TRITC,WF_Cy5_Seq0654.tiff",0
"WellG01_PointG01_0007_ChannelDAPI,WF_GFP,TRITC,WF_Cy5_Seq0655.tiff",0
"WellG01_PointG01_0008_ChannelDAPI,WF_GFP,TRITC,WF_Cy5_Seq0656.tiff",0
"WellG02_PointG02_0000_ChannelDAPI,WF_GFP,TRITC,WF_Cy5_Seq0657.tiff",0
"WellG02_PointG02_0001_ChannelDAPI,WF_GFP,TRITC,WF_Cy5_Seq0658.tiff",0
"WellG02_PointG02_0002_ChannelDAPI,WF_GFP,TRITC,WF_Cy5_Seq0659.tiff",0
"WellG02_PointG02_0003_ChannelDAPI,WF_GFP,TRITC,WF_Cy5_Seq0660.tiff",-1
"WellG02_PointG02_0004_ChannelDAPI,WF_GFP,TRITC,WF_Cy5_Seq0661.tiff",0
"WellG02_PointG02_0005_ChannelDAPI,WF_GFP,TRITC,WF_Cy5_Seq0662.tiff",0
"WellG02_PointG02_0006_ChannelDAPI,WF_GFP,TRITC,WF_Cy5_Seq0663.tiff",0
"WellG02_PointG02_0007_ChannelDAPI,WF_GFP,TRITC,WF_Cy5_Seq0664.tiff",0
"WellG02_PointG02_0008_ChannelDAPI,WF_GFP,TRITC,WF_Cy5_Seq0665.tiff",0
"WellG03_PointG03_0000_ChannelDAPI,WF_GFP,TRITC,WF_Cy5_Seq0666.tiff",0
"WellG03_PointG03_0001_ChannelDAPI,WF_GFP,TRITC,WF_Cy5_Seq0667.tiff",0
"WellG03_PointG03_0002_ChannelDAPI,WF_GFP,TRITC,WF_Cy5_Seq0668.tiff",0
"WellG03_PointG03_0003_ChannelDAPI,WF_GFP,TRITC,WF_Cy5_Seq0669.tiff",0
"WellG03_PointG03_0004_ChannelDAPI,WF_GFP,TRITC,WF_Cy5_Seq0670.tiff",0
"WellG03_PointG03_0005_ChannelDAPI,WF_GFP,TRITC,WF_Cy5_Seq0671.tiff",0
"WellG03_PointG03_0006_ChannelDAPI,WF_GFP,TRITC,WF_Cy5_Seq0672.tiff",0
"WellG03_PointG03_0007_ChannelDAPI,WF_GFP,TRITC,WF_Cy5_Seq0673.tiff",0
"WellG03_PointG03_0008_ChannelDAPI,WF_GFP,TRITC,WF_Cy5_Seq0674.tiff",0
"WellG04_PointG04_0000_ChannelDAPI,WF_GFP,TRITC,WF_Cy5_Seq0675.tiff",-1
"WellG04_PointG04_0001_ChannelDAPI,WF_GFP,TRITC,WF_Cy5_Seq0676.tiff",0
"WellG04_PointG04_0002_ChannelDAPI,WF_GFP,TRITC,WF_Cy5_Seq0677.tiff",-1
"WellG04_PointG04_0003_ChannelDAPI,WF_GFP,TRITC,WF_Cy5_Seq0678.tiff",0
"WellG04_PointG04_0004_ChannelDAPI,WF_GFP,TRITC,WF_Cy5_Seq0679.tiff",1
"WellG04_PointG04_0005_ChannelDAPI,WF_GFP,TRITC,WF_Cy5_Seq0680.tiff",0
"WellG04_PointG04_0006_ChannelDAPI,WF_GFP,TRITC,WF_Cy5_Seq0681.tiff",-1
"WellG04_PointG04_0007_ChannelDAPI,WF_GFP,TRITC,WF_Cy5_Seq0682.tiff",-1
"WellG04_PointG04_0008_ChannelDAPI,WF_GFP,TRITC,WF_Cy5_Seq0683.tiff",-1
"WellG05_PointG05_0000_ChannelDAPI,WF_GFP,TRITC,WF_Cy5_Seq0684.tiff",0
"WellG05_PointG05_0001_ChannelDAPI,WF_GFP,TRITC,WF_Cy5_Seq0685.tiff",0
"WellG05_PointG05_0002_ChannelDAPI,WF_GFP,TRITC,WF_Cy5_Seq0686.tiff",0
"WellG05_PointG05_0003_ChannelDAPI,WF_GFP,TRITC,WF_Cy5_Seq0687.tiff",0
"WellG05_PointG05_0004_ChannelDAPI,WF_GFP,TRITC,WF_Cy5_Seq0688.tiff",0
"WellG05_PointG05_0005_ChannelDAPI,WF_GFP,TRITC,WF_Cy5_Seq0689.tiff",0
"WellG05_PointG05_0006_ChannelDAPI,WF_GFP,TRITC,WF_Cy5_Seq0690.tiff",0
"WellG05_PointG05_0007_ChannelDAPI,WF_GFP,TRITC,WF_Cy5_Seq0691.tiff",0
"WellG05_PointG05_0008_ChannelDAPI,WF_GFP,TRITC,WF_Cy5_Seq0692.tiff",1
"WellG06_PointG06_0000_ChannelDAPI,WF_GFP,TRITC,WF_Cy5_Seq0693.tiff",0
"WellG06_PointG06_0001_ChannelDAPI,WF_GFP,TRITC,WF_Cy5_Seq0694.tiff",0
"WellG06_PointG06_0002_ChannelDAPI,WF_GFP,TRITC,WF_Cy5_Seq0695.tiff",0
"WellG06_PointG06_0003_ChannelDAPI,WF_GFP,TRITC,WF_Cy5_Seq0696.tiff",0
"WellG06_PointG06_0004_ChannelDAPI,WF_GFP,TRITC,WF_Cy5_Seq0697.tiff",0
"WellG06_PointG06_0005_ChannelDAPI,WF_GFP,TRITC,WF_Cy5_Seq0698.tiff",-1
"WellG06_PointG06_0006_ChannelDAPI,WF_GFP,TRITC,WF_Cy5_Seq0699.tiff",0
"WellG06_PointG06_0007_ChannelDAPI,WF_GFP,TRITC,WF_Cy5_Seq0700.tiff",-1
"WellG06_PointG06_0008_ChannelDAPI,WF_GFP,TRITC,WF_Cy5_Seq0701.tiff",0
"WellG07_PointG07_0000_ChannelDAPI,WF_GFP,TRITC,WF_Cy5_Seq0702.tiff",0
"WellG07_PointG07_0001_ChannelDAPI,WF_GFP,TRITC,WF_Cy5_Seq0703.tiff",0
"WellG07_PointG07_0002_ChannelDAPI,WF_GFP,TRITC,WF_Cy5_Seq0704.tiff",0
"WellG07_PointG07_0003_ChannelDAPI,WF_GFP,TRITC,WF_Cy5_Seq0705.tiff",0
"WellG07_PointG07_0004_ChannelDAPI,WF_GFP,TRITC,WF_Cy5_Seq0706.tiff",0
"WellG07_PointG07_0005_ChannelDAPI,WF_GFP,TRITC,WF_Cy5_Seq0707.tiff",0
"WellG07_PointG07_0006_ChannelDAPI,WF_GFP,TRITC,WF_Cy5_Seq0708.tiff",0
"WellG07_PointG07_0007_ChannelDAPI,WF_GFP,TRITC,WF_Cy5_Seq0709.tiff",0
"WellG07_PointG07_0008_ChannelDAPI,WF_GFP,TRITC,WF_Cy5_Seq0710.tiff",0
"WellG08_PointG08_0000_ChannelDAPI,WF_GFP,TRITC,WF_Cy5_Seq0711.tiff",0
"WellG08_PointG08_0001_ChannelDAPI,WF_GFP,TRITC,WF_Cy5_Seq0712.tiff",0
"WellG08_PointG08_0002_ChannelDAPI,WF_GFP,TRITC,WF_Cy5_Seq0713.tiff",0
"WellG08_PointG08_0003_ChannelDAPI,WF_GFP,TRITC,WF_Cy5_Seq0714.tiff",0
"WellG08_PointG08_0004_ChannelDAPI,WF_GFP,TRITC,WF_Cy5_Seq0715.tiff",0
"WellG08_PointG08_0005_ChannelDAPI,WF_GFP,TRITC,WF_Cy5_Seq0716.tiff",0
"WellG08_PointG08_0006_ChannelDAPI,WF_GFP,TRITC,WF_Cy5_Seq0717.tiff",0
"WellG08_PointG08_0007_ChannelDAPI,WF_GFP,TRITC,WF_Cy5_Seq0718.tiff",0
"WellG08_PointG08_0008_ChannelDAPI,WF_GFP,TRITC,WF_Cy5_Seq0719.tiff",0
"WellG09_PointG09_0000_ChannelDAPI,WF_GFP,TRITC,WF_Cy5_Seq0720.tiff",0
"WellG09_PointG09_0001_ChannelDAPI,WF_GFP,TRITC,WF_Cy5_Seq0721.tiff",0
"WellG09_PointG09_0002_ChannelDAPI,WF_GFP,TRITC,WF_Cy5_Seq0722.tiff",0
"WellG09_PointG09_0003_ChannelDAPI,WF_GFP,TRITC,WF_Cy5_Seq0723.tiff",0
"WellG09_PointG09_0004_ChannelDAPI,WF_GFP,TRITC,WF_Cy5_Seq0724.tiff",0
"WellG09_PointG09_0005_ChannelDAPI,WF_GFP,TRITC,WF_Cy5_Seq0725.tiff",0
"WellG09_PointG09_0006_ChannelDAPI,WF_GFP,TRITC,WF_Cy5_Seq0726.tiff",0
"WellG09_PointG09_0007_ChannelDAPI,WF_GFP,TRITC,WF_Cy5_Seq0727.tiff",0
"WellG09_PointG09_0008_ChannelDAPI,WF_GFP,TRITC,WF_Cy5_Seq0728.tiff",0
"WellG10_PointG10_0000_ChannelDAPI,WF_GFP,TRITC,WF_Cy5_Seq0729.tiff",0
"WellG10_PointG10_0001_ChannelDAPI,WF_GFP,TRITC,WF_Cy5_Seq0730.tiff",0
"WellG10_PointG10_0002_ChannelDAPI,WF_GFP,TRITC,WF_Cy5_Seq0731.tiff",0
"WellG10_PointG10_0003_ChannelDAPI,WF_GFP,TRITC,WF_Cy5_Seq0732.tiff",0
"WellG10_PointG10_0004_ChannelDAPI,WF_GFP,TRITC,WF_Cy5_Seq0733.tiff",0
"WellG10_PointG10_0005_ChannelDAPI,WF_GFP,TRITC,WF_Cy5_Seq0734.tiff",0
"WellG10_PointG10_0006_ChannelDAPI,WF_GFP,TRITC,WF_Cy5_Seq0735.tiff",0
"WellG10_PointG10_0007_ChannelDAPI,WF_GFP,TRITC,WF_Cy5_Seq0736.tiff",0
"WellG10_PointG10_0008_ChannelDAPI,WF_GFP,TRITC,WF_Cy5_Seq0737.tiff",0
"WellG11_PointG11_0000_ChannelDAPI,WF_GFP,TRITC,WF_Cy5_Seq0738.tiff",0
"WellG11_PointG11_0001_ChannelDAPI,WF_GFP,TRITC,WF_Cy5_Seq0739.tiff",0
"WellG11_PointG11_0002_ChannelDAPI,WF_GFP,TRITC,WF_Cy5_Seq0740.tiff",0
"WellG11_PointG11_0003_ChannelDAPI,WF_GFP,TRITC,WF_Cy5_Seq0741.tiff",0
"WellG11_PointG11_0004_ChannelDAPI,WF_GFP,TRITC,WF_Cy5_Seq0742.tiff",0
"WellG11_PointG11_0005_ChannelDAPI,WF_GFP,TRITC,WF_Cy5_Seq0743.tiff",0
"WellG11_PointG11_0006_ChannelDAPI,WF_GFP,TRITC,WF_Cy5_Seq0744.tiff",0
"WellG11_PointG11_0007_ChannelDAPI,WF_GFP,TRITC,WF_Cy5_Seq0745.tiff",0
"WellG11_PointG11_0008_ChannelDAPI,WF_GFP,TRITC,WF_Cy5_Seq0746.tiff",0
"WellG12_PointG12_0000_ChannelDAPI,WF_GFP,TRITC,WF_Cy5_Seq0747.tiff",0
"WellG12_PointG12_0001_ChannelDAPI,WF_GFP,TRITC,WF_Cy5_Seq0748.tiff",0
"WellG12_PointG12_0002_ChannelDAPI,WF_GFP,TRITC,WF_Cy5_Seq0749.tiff",0
"WellG12_PointG12_0003_ChannelDAPI,WF_GFP,TRITC,WF_Cy5_Seq0750.tiff",0
"WellG12_PointG12_0004_ChannelDAPI,WF_GFP,TRITC,WF_Cy5_Seq0751.tiff",0
"WellG12_PointG12_0005_ChannelDAPI,WF_GFP,TRITC,WF_Cy5_Seq0752.tiff",0
"WellG12_PointG12_0006_ChannelDAPI,WF_GFP,TRITC,WF_Cy5_Seq0753.tiff",0
"WellG12_PointG12_0007_ChannelDAPI,WF_GFP,TRITC,WF_Cy5_Seq0754.tiff",0
"WellG12_PointG12_0008_ChannelDAPI,WF_GFP,TRITC,WF_Cy5_Seq0755.tiff",1
"WellH01_PointH01_0000_ChannelDAPI,WF_GFP,TRITC,WF_Cy5_Seq0855.tiff",0
"WellH01_PointH01_0001_ChannelDAPI,WF_GFP,TRITC,WF_Cy5_Seq0856.tiff",0
"WellH01_PointH01_0002_ChannelDAPI,WF_GFP,TRITC,WF_Cy5_Seq0857.tiff",0
"WellH01_PointH01_0003_ChannelDAPI,WF_GFP,TRITC,WF_Cy5_Seq0858.tiff",0
"WellH01_PointH01_0004_ChannelDAPI,WF_GFP,TRITC,WF_Cy5_Seq0859.tiff",0
"WellH01_PointH01_0005_ChannelDAPI,WF_GFP,TRITC,WF_Cy5_Seq0860.tiff",0
"WellH01_PointH01_0006_ChannelDAPI,WF_GFP,TRITC,WF_Cy5_Seq0861.tiff",0
"WellH01_PointH01_0007_ChannelDAPI,WF_GFP,TRITC,WF_Cy5_Seq0862.tiff",0
"WellH01_PointH01_0008_ChannelDAPI,WF_GFP,TRITC,WF_Cy5_Seq0863.tiff",0
"WellH02_PointH02_0000_ChannelDAPI,WF_GFP,TRITC,WF_Cy5_Seq0846.tiff",0
"WellH02_PointH02_0001_ChannelDAPI,WF_GFP,TRITC,WF_Cy5_Seq0847.tiff",0
"WellH02_PointH02_0002_ChannelDAPI,WF_GFP,TRITC,WF_Cy5_Seq0848.tiff",0
"WellH02_PointH02_0003_ChannelDAPI,WF_GFP,TRITC,WF_Cy5_Seq0849.tiff",0
"WellH02_PointH02_0004_ChannelDAPI,WF_GFP,TRITC,WF_Cy5_Seq0850.tiff",0
"WellH02_PointH02_0005_ChannelDAPI,WF_GFP,TRITC,WF_Cy5_Seq0851.tiff",0
"WellH02_PointH02_0006_ChannelDAPI,WF_GFP,TRITC,WF_Cy5_Seq0852.tiff",0
"WellH02_PointH02_0007_ChannelDAPI,WF_GFP,TRITC,WF_Cy5_Seq0853.tiff",0
"WellH02_PointH02_0008_ChannelDAPI,WF_GFP,TRITC,WF_Cy5_Seq0854.tiff",0
"WellH03_PointH03_0000_ChannelDAPI,WF_GFP,TRITC,WF_Cy5_Seq0837.tiff",0
"WellH03_PointH03_0001_ChannelDAPI,WF_GFP,TRITC,WF_Cy5_Seq0838.tiff",0
"WellH03_PointH03_0002_ChannelDAPI,WF_GFP,TRITC,WF_Cy5_Seq0839.tiff",0
"WellH03_PointH03_0003_ChannelDAPI,WF_GFP,TRITC,WF_Cy5_Seq0840.tiff",0
"WellH03_PointH03_0004_ChannelDAPI,WF_GFP,TRITC,WF_Cy5_Seq0841.tiff",0
"WellH03_PointH03_0005_ChannelDAPI,WF_GFP,TRITC,WF_Cy5_Seq0842.tiff",1
"WellH03_PointH03_0006_ChannelDAPI,WF_GFP,TRITC,WF_Cy5_Seq0843.tiff",0
"WellH03_PointH03_0007_ChannelDAPI,WF_GFP,TRITC,WF_Cy5_Seq0844.tiff",0
"WellH03_PointH03_0008_ChannelDAPI,WF_GFP,TRITC,WF_Cy5_Seq0845.tiff",0
"WellH04_PointH04_0000_ChannelDAPI,WF_GFP,TRITC,WF_Cy5_Seq0828.tiff",0
"WellH04_PointH04_0001_ChannelDAPI,WF_GFP,TRITC,WF_Cy5_Seq0829.tiff",0
"WellH04_PointH04_0002_ChannelDAPI,WF_GFP,TRITC,WF_Cy5_Seq0830.tiff",-1
"WellH04_PointH04_0003_ChannelDAPI,WF_GFP,TRITC,WF_Cy5_Seq0831.tiff",0
"WellH04_PointH04_0004_ChannelDAPI,WF_GFP,TRITC,WF_Cy5_Seq0832.tiff",-1
"WellH04_PointH04_0005_ChannelDAPI,WF_GFP,TRITC,WF_Cy5_Seq0833.tiff",0
"WellH04_PointH04_0006_ChannelDAPI,WF_GFP,TRITC,WF_Cy5_Seq0834.tiff",0
"WellH04_PointH04_0007_ChannelDAPI,WF_GFP,TRITC,WF_Cy5_Seq0835.tiff",0
"WellH04_PointH04_0008_ChannelDAPI,WF_GFP,TRITC,WF_Cy5_Seq0836.tiff",0
"WellH05_PointH05_0000_ChannelDAPI,WF_GFP,TRITC,WF_Cy5_Seq0819.tiff",0
"WellH05_PointH05_0001_ChannelDAPI,WF_GFP,TRITC,WF_Cy5_Seq0820.tiff",0
"WellH05_PointH05_0002_ChannelDAPI,WF_GFP,TRITC,WF_Cy5_Seq0821.tiff",0
"WellH05_PointH05_0003_ChannelDAPI,WF_GFP,TRITC,WF_Cy5_Seq0822.tiff",0
"WellH05_PointH05_0004_ChannelDAPI,WF_GFP,TRITC,WF_Cy5_Seq0823.tiff",0
"WellH05_PointH05_0005_ChannelDAPI,WF_GFP,TRITC,WF_Cy5_Seq0824.tiff",0
"WellH05_PointH05_0006_ChannelDAPI,WF_GFP,TRITC,WF_Cy5_Seq0825.tiff",0
"WellH05_PointH05_0007_ChannelDAPI,WF_GFP,TRITC,WF_Cy5_Seq0826.tiff",0
"WellH05_PointH05_0008_ChannelDAPI,WF_GFP,TRITC,WF_Cy5_Seq0827.tiff",0
"WellH06_PointH06_0000_ChannelDAPI,WF_GFP,TRITC,WF_Cy5_Seq0810.tiff",0
"WellH06_PointH06_0001_ChannelDAPI,WF_GFP,TRITC,WF_Cy5_Seq0811.tiff",0
"WellH06_PointH06_0002_ChannelDAPI,WF_GFP,TRITC,WF_Cy5_Seq0812.tiff",0
"WellH06_PointH06_0003_ChannelDAPI,WF_GFP,TRITC,WF_Cy5_Seq0813.tiff",0
"WellH06_PointH06_0004_ChannelDAPI,WF_GFP,TRITC,WF_Cy5_Seq0814.tiff",-1
"WellH06_PointH06_0005_ChannelDAPI,WF_GFP,TRITC,WF_Cy5_Seq0815.tiff",0
"WellH06_PointH06_0006_ChannelDAPI,WF_GFP,TRITC,WF_Cy5_Seq0816.tiff",1
"WellH06_PointH06_0007_ChannelDAPI,WF_GFP,TRITC,WF_Cy5_Seq0817.tiff",0
"WellH06_PointH06_0008_ChannelDAPI,WF_GFP,TRITC,WF_Cy5_Seq0818.tiff",0
"WellH07_PointH07_0000_ChannelDAPI,WF_GFP,TRITC,WF_Cy5_Seq0801.tiff",1
"WellH07_PointH07_0001_ChannelDAPI,WF_GFP,TRITC,WF_Cy5_Seq0802.tiff",0
"WellH07_PointH07_0002_ChannelDAPI,WF_GFP,TRITC,WF_Cy5_Seq0803.tiff",0
"WellH07_PointH07_0003_ChannelDAPI,WF_GFP,TRITC,WF_Cy5_Seq0804.tiff",0
"WellH07_PointH07_0004_ChannelDAPI,WF_GFP,TRITC,WF_Cy5_Seq0805.tiff",0
"WellH07_PointH07_0005_ChannelDAPI,WF_GFP,TRITC,WF_Cy5_Seq0806.tiff",-1
"WellH07_PointH07_0006_ChannelDAPI,WF_GFP,TRITC,WF_Cy5_Seq0807.tiff",0
"WellH07_PointH07_0007_ChannelDAPI,WF_GFP,TRITC,WF_Cy5_Seq0808.tiff",-1
"WellH07_PointH07_0008_ChannelDAPI,WF_GFP,TRITC,WF_Cy5_Seq0809.tiff",1
"WellH08_PointH08_0000_ChannelDAPI,WF_GFP,TRITC,WF_Cy5_Seq0792.tiff",0
"WellH08_PointH08_0001_ChannelDAPI,WF_GFP,TRITC,WF_Cy5_Seq0793.tiff",0
"WellH08_PointH08_0002_ChannelDAPI,WF_GFP,TRITC,WF_Cy5_Seq0794.tiff",0
"WellH08_PointH08_0003_ChannelDAPI,WF_GFP,TRITC,WF_Cy5_Seq0795.tiff",-1
"WellH08_PointH08_0004_ChannelDAPI,WF_GFP,TRITC,WF_Cy5_Seq0796.tiff",0
"WellH08_PointH08_0005_ChannelDAPI,WF_GFP,TRITC,WF_Cy5_Seq0797.tiff",0
"WellH08_PointH08_0006_ChannelDAPI,WF_GFP,TRITC,WF_Cy5_Seq0798.tiff",0
"WellH08_PointH08_0007_ChannelDAPI,WF_GFP,TRITC,WF_Cy5_Seq0799.tiff",1
"WellH08_PointH08_0008_ChannelDAPI,WF_GFP,TRITC,WF_Cy5_Seq0800.tiff",0
"WellH09_PointH09_0000_ChannelDAPI,WF_GFP,TRITC,WF_Cy5_Seq0783.tiff",-1
"WellH09_PointH09_0001_ChannelDAPI,WF_GFP,TRITC,WF_Cy5_Seq0784.tiff",0
"WellH09_PointH09_0002_ChannelDAPI,WF_GFP,TRITC,WF_Cy5_Seq0785.tiff",0
"WellH09_PointH09_0003_ChannelDAPI,WF_GFP,TRITC,WF_Cy5_Seq0786.tiff",-1
"WellH09_PointH09_0004_ChannelDAPI,WF_GFP,TRITC,WF_Cy5_Seq0787.tiff",1
"WellH09_PointH09_0005_ChannelDAPI,WF_GFP,TRITC,WF_Cy5_Seq0788.tiff",0
"WellH09_PointH09_0006_ChannelDAPI,WF_GFP,TRITC,WF_Cy5_Seq0789.tiff",0
"WellH09_PointH09_0007_ChannelDAPI,WF_GFP,TRITC,WF_Cy5_Seq0790.tiff",0
"WellH09_PointH09_0008_ChannelDAPI,WF_GFP,TRITC,WF_Cy5_Seq0791.tiff",0
"WellH10_PointH10_0000_ChannelDAPI,WF_GFP,TRITC,WF_Cy5_Seq0774.tiff",0
"WellH10_PointH10_0001_ChannelDAPI,WF_GFP,TRITC,WF_Cy5_Seq0775.tiff",0
"WellH10_PointH10_0002_ChannelDAPI,WF_GFP,TRITC,WF_Cy5_Seq0776.tiff",0
"WellH10_PointH10_0003_ChannelDAPI,WF_GFP,TRITC,WF_Cy5_Seq0777.tiff",0
"WellH10_PointH10_0004_ChannelDAPI,WF_GFP,TRITC,WF_Cy5_Seq0778.tiff",0
"WellH10_PointH10_0005_ChannelDAPI,WF_GFP,TRITC,WF_Cy5_Seq0779.tiff",0
"WellH10_PointH10_0006_ChannelDAPI,WF_GFP,TRITC,WF_Cy5_Seq0780.tiff",0
"WellH10_PointH10_0007_ChannelDAPI,WF_GFP,TRITC,WF_Cy5_Seq0781.tiff",0
"WellH10_PointH10_0008_ChannelDAPI,WF_GFP,TRITC,WF_Cy5_Seq0782.tiff",0
"WellH11_PointH11_0000_ChannelDAPI,WF_GFP,TRITC,WF_Cy5_Seq0765.tiff",0
"WellH11_PointH11_0001_ChannelDAPI,WF_GFP,TRITC,WF_Cy5_Seq0766.tiff",0
"WellH11_PointH11_0002_ChannelDAPI,WF_GFP,TRITC,WF_Cy5_Seq0767.tiff",0
"WellH11_PointH11_0003_ChannelDAPI,WF_GFP,TRITC,WF_Cy5_Seq0768.tiff",-1
"WellH11_PointH11_0004_ChannelDAPI,WF_GFP,TRITC,WF_Cy5_Seq0769.tiff",0
"WellH11_PointH11_0005_ChannelDAPI,WF_GFP,TRITC,WF_Cy5_Seq0770.tiff",0
"WellH11_PointH11_0006_ChannelDAPI,WF_GFP,TRITC,WF_Cy5_Seq0771.tiff",1
"WellH11_PointH11_0007_ChannelDAPI,WF_GFP,TRITC,WF_Cy5_Seq0772.tiff",0
"WellH11_PointH11_0008_ChannelDAPI,WF_GFP,TRITC,WF_Cy5_Seq0773.tiff",-1
"WellH12_PointH12_0000_ChannelDAPI,WF_GFP,TRITC,WF_Cy5_Seq0756.tiff",0
"WellH12_PointH12_0001_ChannelDAPI,WF_GFP,TRITC,WF_Cy5_Seq0757.tiff",0
"WellH12_PointH12_0002_ChannelDAPI,WF_GFP,TRITC,WF_Cy5_Seq0758.tiff",0
"WellH12_PointH12_0003_ChannelDAPI,WF_GFP,TRITC,WF_Cy5_Seq0759.tiff",0
"WellH12_PointH12_0004_ChannelDAPI,WF_GFP,TRITC,WF_Cy5_Seq0760.tiff",0
"WellH12_PointH12_0005_ChannelDAPI,WF_GFP,TRITC,WF_Cy5_Seq0761.tiff",0
"WellH12_PointH12_0006_ChannelDAPI,WF_GFP,TRITC,WF_Cy5_Seq0762.tiff",0
"WellH12_PointH12_0007_ChannelDAPI,WF_GFP,TRITC,WF_Cy5_Seq0763.tiff",0
"WellH12_PointH12_0008_ChannelDAPI,WF_GFP,TRITC,WF_Cy5_Seq0764.tiff",-1
